region,annee,type_infrastructure,quantite,etat_moyen_pct,investissement_millions_fcfa
Adamaoua,2000,routes_bitumees_km,500,53.0,9614
Adamaoua,2000,routes_pistes_km,2153,79.2,143081
Adamaoua,2000,ponts,53,66.5,1369
Adamaoua,2000,centres_electriques,9,46.5,598
Adamaoua,2000,bornes_fontaine,183,76.9,2831
Adamaoua,2000,ecoles_primaires,491,72.5,41286
Adamaoua,2000,colleges,104,85.4,9695
Adamaoua,2000,lycees,28,44.6,2650
Adamaoua,2000,hopitaux,15,61.9,1128
Adamaoua,2001,routes_bitumees_km,490,78.3,27263
Adamaoua,2001,routes_pistes_km,2172,88.1,116227
Adamaoua,2001,ponts,49,76.2,4461
Adamaoua,2001,centres_electriques,10,72.5,883
Adamaoua,2001,bornes_fontaine,221,41.2,19418
Adamaoua,2001,ecoles_primaires,552,79.3,33009
Adamaoua,2001,colleges,104,89.6,8562
Adamaoua,2001,lycees,30,65.0,2106
Adamaoua,2001,hopitaux,15,86.3,966
Adamaoua,2002,routes_bitumees_km,509,78.8,30366
Adamaoua,2002,routes_pistes_km,2085,43.8,92271
Adamaoua,2002,ponts,50,62.4,3964
Adamaoua,2002,centres_electriques,11,63.3,741
Adamaoua,2002,bornes_fontaine,232,43.2,19638
Adamaoua,2002,ecoles_primaires,479,87.1,29443
Adamaoua,2002,colleges,102,85.7,5574
Adamaoua,2002,lycees,30,89.9,2413
Adamaoua,2002,hopitaux,14,53.6,319
Adamaoua,2003,routes_bitumees_km,533,77.4,51114
Adamaoua,2003,routes_pistes_km,2336,42.2,225680
Adamaoua,2003,ponts,59,47.5,596
Adamaoua,2003,centres_electriques,11,49.0,744
Adamaoua,2003,bornes_fontaine,201,45.4,4622
Adamaoua,2003,ecoles_primaires,563,59.5,39545
Adamaoua,2003,colleges,112,74.8,6155
Adamaoua,2003,lycees,32,77.6,487
Adamaoua,2003,hopitaux,14,53.2,337
Adamaoua,2004,routes_bitumees_km,511,78.0,25089
Adamaoua,2004,routes_pistes_km,2148,65.2,72034
Adamaoua,2004,ponts,60,88.3,5342
Adamaoua,2004,centres_electriques,11,60.8,912
Adamaoua,2004,bornes_fontaine,232,43.9,5189
Adamaoua,2004,ecoles_primaires,601,83.4,9365
Adamaoua,2004,colleges,103,67.3,9071
Adamaoua,2004,lycees,36,76.3,2899
Adamaoua,2004,hopitaux,16,88.5,932
Adamaoua,2005,routes_bitumees_km,611,78.1,28149
Adamaoua,2005,routes_pistes_km,2286,84.8,127209
Adamaoua,2005,ponts,52,79.5,554
Adamaoua,2005,centres_electriques,11,44.7,760
Adamaoua,2005,bornes_fontaine,231,48.8,5393
Adamaoua,2005,ecoles_primaires,520,47.9,31163
Adamaoua,2005,colleges,113,86.7,4751
Adamaoua,2005,lycees,32,75.5,714
Adamaoua,2005,hopitaux,16,79.0,313
Adamaoua,2006,routes_bitumees_km,539,64.8,41379
Adamaoua,2006,routes_pistes_km,2283,73.6,83014
Adamaoua,2006,ponts,60,70.7,1977
Adamaoua,2006,centres_electriques,10,72.5,741
Adamaoua,2006,bornes_fontaine,239,56.6,18280
Adamaoua,2006,ecoles_primaires,563,40.9,54029
Adamaoua,2006,colleges,118,84.6,10820
Adamaoua,2006,lycees,31,49.1,421
Adamaoua,2006,hopitaux,16,48.9,1083
Adamaoua,2007,routes_bitumees_km,641,58.9,24019
Adamaoua,2007,routes_pistes_km,2505,75.9,109806
Adamaoua,2007,ponts,66,52.8,3592
Adamaoua,2007,centres_electriques,11,61.2,705
Adamaoua,2007,bornes_fontaine,259,81.8,13308
Adamaoua,2007,ecoles_primaires,643,65.8,62082
Adamaoua,2007,colleges,114,63.4,2318
Adamaoua,2007,lycees,34,82.3,1177
Adamaoua,2007,hopitaux,18,89.3,463
Adamaoua,2008,routes_bitumees_km,611,47.0,37642
Adamaoua,2008,routes_pistes_km,2408,84.8,185098
Adamaoua,2008,ponts,60,52.6,3035
Adamaoua,2008,centres_electriques,12,77.1,311
Adamaoua,2008,bornes_fontaine,257,68.5,16520
Adamaoua,2008,ecoles_primaires,612,66.8,17324
Adamaoua,2008,colleges,132,60.3,7103
Adamaoua,2008,lycees,33,88.5,1510
Adamaoua,2008,hopitaux,17,62.6,610
Adamaoua,2009,routes_bitumees_km,615,62.3,23021
Adamaoua,2009,routes_pistes_km,2518,56.3,174026
Adamaoua,2009,ponts,57,68.0,3845
Adamaoua,2009,centres_electriques,11,50.3,618
Adamaoua,2009,bornes_fontaine,259,84.9,14873
Adamaoua,2009,ecoles_primaires,680,67.3,39349
Adamaoua,2009,colleges,119,47.6,5760
Adamaoua,2009,lycees,35,73.9,1529
Adamaoua,2009,hopitaux,19,47.4,1528
Adamaoua,2010,routes_bitumees_km,687,80.4,18495
Adamaoua,2010,routes_pistes_km,2680,80.8,257183
Adamaoua,2010,ponts,68,56.3,3895
Adamaoua,2010,centres_electriques,13,65.8,836
Adamaoua,2010,bornes_fontaine,273,73.9,12244
Adamaoua,2010,ecoles_primaires,588,42.5,12126
Adamaoua,2010,colleges,142,89.2,3936
Adamaoua,2010,lycees,38,83.4,553
Adamaoua,2010,hopitaux,18,87.3,1523
Adamaoua,2011,routes_bitumees_km,723,61.3,19079
Adamaoua,2011,routes_pistes_km,2433,69.9,115670
Adamaoua,2011,ponts,60,41.6,2692
Adamaoua,2011,centres_electriques,12,68.1,284
Adamaoua,2011,bornes_fontaine,252,71.5,22715
Adamaoua,2011,ecoles_primaires,650,72.5,17936
Adamaoua,2011,colleges,135,56.5,11190
Adamaoua,2011,lycees,38,76.1,2982
Adamaoua,2011,hopitaux,18,54.9,1482
Adamaoua,2012,routes_bitumees_km,655,79.0,23338
Adamaoua,2012,routes_pistes_km,2868,46.7,177317
Adamaoua,2012,ponts,66,52.1,5081
Adamaoua,2012,centres_electriques,13,53.2,773
Adamaoua,2012,bornes_fontaine,286,44.6,27770
Adamaoua,2012,ecoles_primaires,635,81.3,33674
Adamaoua,2012,colleges,125,42.9,3167
Adamaoua,2012,lycees,43,81.3,1616
Adamaoua,2012,hopitaux,20,62.7,262
Adamaoua,2013,routes_bitumees_km,707,44.8,62883
Adamaoua,2013,routes_pistes_km,3038,54.5,38567
Adamaoua,2013,ponts,76,63.3,7226
Adamaoua,2013,centres_electriques,13,83.5,485
Adamaoua,2013,bornes_fontaine,304,78.3,21120
Adamaoua,2013,ecoles_primaires,687,73.3,11556
Adamaoua,2013,colleges,125,47.1,4358
Adamaoua,2013,lycees,42,88.7,2263
Adamaoua,2013,hopitaux,20,68.3,1075
Adamaoua,2014,routes_bitumees_km,678,48.9,60254
Adamaoua,2014,routes_pistes_km,3080,57.6,178608
Adamaoua,2014,ponts,74,73.7,3075
Adamaoua,2014,centres_electriques,15,54.8,298
Adamaoua,2014,bornes_fontaine,303,61.0,16229
Adamaoua,2014,ecoles_primaires,742,61.6,22012
Adamaoua,2014,colleges,146,41.5,1614
Adamaoua,2014,lycees,41,89.1,3534
Adamaoua,2014,hopitaux,21,64.6,1601
Adamaoua,2015,routes_bitumees_km,703,49.2,24304
Adamaoua,2015,routes_pistes_km,2883,79.9,52505
Adamaoua,2015,ponts,71,51.6,4845
Adamaoua,2015,centres_electriques,13,63.3,931
Adamaoua,2015,bornes_fontaine,277,75.1,19001
Adamaoua,2015,ecoles_primaires,689,72.4,48152
Adamaoua,2015,colleges,137,50.9,11186
Adamaoua,2015,lycees,42,54.1,1686
Adamaoua,2015,hopitaux,19,74.9,1750
Adamaoua,2016,routes_bitumees_km,801,56.8,32184
Adamaoua,2016,routes_pistes_km,3003,76.1,39501
Adamaoua,2016,ponts,75,76.6,5388
Adamaoua,2016,centres_electriques,13,43.6,1045
Adamaoua,2016,bornes_fontaine,276,56.8,24607
Adamaoua,2016,ecoles_primaires,693,48.2,36553
Adamaoua,2016,colleges,136,65.2,9633
Adamaoua,2016,lycees,47,42.0,601
Adamaoua,2016,hopitaux,23,75.4,2020
Adamaoua,2017,routes_bitumees_km,766,65.2,62158
Adamaoua,2017,routes_pistes_km,3068,56.9,123490
Adamaoua,2017,ponts,82,43.3,2862
Adamaoua,2017,centres_electriques,14,60.5,733
Adamaoua,2017,bornes_fontaine,291,63.6,14490
Adamaoua,2017,ecoles_primaires,692,80.0,41593
Adamaoua,2017,colleges,138,66.4,9586
Adamaoua,2017,lycees,49,89.6,2866
Adamaoua,2017,hopitaux,24,84.0,241
Adamaoua,2018,routes_bitumees_km,820,68.0,62380
Adamaoua,2018,routes_pistes_km,3313,65.2,244475
Adamaoua,2018,ponts,73,82.5,1767
Adamaoua,2018,centres_electriques,15,54.3,151
Adamaoua,2018,bornes_fontaine,300,42.5,16769
Adamaoua,2018,ecoles_primaires,778,88.7,8212
Adamaoua,2018,colleges,152,57.1,3757
Adamaoua,2018,lycees,47,44.4,3016
Adamaoua,2018,hopitaux,22,62.5,1907
Adamaoua,2019,routes_bitumees_km,741,61.0,64814
Adamaoua,2019,routes_pistes_km,3032,80.4,233707
Adamaoua,2019,ponts,72,72.9,7034
Adamaoua,2019,centres_electriques,14,67.8,686
Adamaoua,2019,bornes_fontaine,326,47.0,7851
Adamaoua,2019,ecoles_primaires,733,43.5,71604
Adamaoua,2019,colleges,165,63.1,16218
Adamaoua,2019,lycees,45,51.7,3776
Adamaoua,2019,hopitaux,25,87.6,818
Adamaoua,2020,routes_bitumees_km,758,50.6,26767
Adamaoua,2020,routes_pistes_km,3066,71.0,282567
Adamaoua,2020,ponts,75,74.7,4764
Adamaoua,2020,centres_electriques,16,86.4,238
Adamaoua,2020,bornes_fontaine,333,53.9,4571
Adamaoua,2020,ecoles_primaires,800,47.0,23293
Adamaoua,2020,colleges,148,69.4,8445
Adamaoua,2020,lycees,51,48.9,4158
Adamaoua,2020,hopitaux,24,66.8,1267
Adamaoua,2021,routes_bitumees_km,773,48.5,57518
Adamaoua,2021,routes_pistes_km,3219,74.8,150577
Adamaoua,2021,ponts,87,50.8,6140
Adamaoua,2021,centres_electriques,16,76.3,405
Adamaoua,2021,bornes_fontaine,352,76.1,7062
Adamaoua,2021,ecoles_primaires,765,59.7,33502
Adamaoua,2021,colleges,147,87.2,9770
Adamaoua,2021,lycees,46,84.4,3274
Adamaoua,2021,hopitaux,25,58.8,254
Adamaoua,2022,routes_bitumees_km,883,85.5,17920
Adamaoua,2022,routes_pistes_km,3176,74.3,222285
Adamaoua,2022,ponts,88,44.6,7776
Adamaoua,2022,centres_electriques,14,46.8,1352
Adamaoua,2022,bornes_fontaine,362,71.0,13275
Adamaoua,2022,ecoles_primaires,786,78.7,28421
Adamaoua,2022,colleges,169,57.8,6267
Adamaoua,2022,lycees,50,79.4,4498
Adamaoua,2022,hopitaux,25,73.1,681
Adamaoua,2023,routes_bitumees_km,817,75.5,25031
Adamaoua,2023,routes_pistes_km,3047,74.0,56919
Adamaoua,2023,ponts,80,46.8,5413
Adamaoua,2023,centres_electriques,16,66.3,1063
Adamaoua,2023,bornes_fontaine,334,79.8,5870
Adamaoua,2023,ecoles_primaires,819,72.4,15977
Adamaoua,2023,colleges,173,72.9,6184
Adamaoua,2023,lycees,49,67.5,2039
Adamaoua,2023,hopitaux,26,56.6,2558
Centre,2000,routes_bitumees_km,801,60.2,31670
Centre,2000,routes_pistes_km,2833,84.8,84351
Centre,2000,ponts,67,61.1,6684
Centre,2000,centres_electriques,13,84.0,1280
Centre,2000,bornes_fontaine,285,80.2,23402
Centre,2000,ecoles_primaires,706,43.9,47148
Centre,2000,colleges,143,70.7,12238
Centre,2000,lycees,48,49.8,2365
Centre,2000,hopitaux,24,74.4,1663
Centre,2001,routes_bitumees_km,834,69.2,57304
Centre,2001,routes_pistes_km,3025,57.6,153693
Centre,2001,ponts,76,53.1,3379
Centre,2001,centres_electriques,16,65.6,1522
Centre,2001,bornes_fontaine,334,82.8,29676
Centre,2001,ecoles_primaires,811,79.4,52850
Centre,2001,colleges,143,64.8,7290
Centre,2001,lycees,44,88.6,3999
Centre,2001,hopitaux,21,57.7,1680
Centre,2002,routes_bitumees_km,730,82.8,32662
Centre,2002,routes_pistes_km,3253,84.2,181184
Centre,2002,ponts,80,48.2,6070
Centre,2002,centres_electriques,16,47.4,565
Centre,2002,bornes_fontaine,292,76.6,6886
Centre,2002,ecoles_primaires,792,42.4,32664
Centre,2002,colleges,152,78.6,5951
Centre,2002,lycees,49,82.5,2617
Centre,2002,hopitaux,22,66.0,688
Centre,2003,routes_bitumees_km,884,40.5,86741
Centre,2003,routes_pistes_km,3102,72.2,121378
Centre,2003,ponts,77,70.2,7463
Centre,2003,centres_electriques,16,59.0,831
Centre,2003,bornes_fontaine,306,88.5,3907
Centre,2003,ecoles_primaires,805,51.3,41267
Centre,2003,colleges,159,46.1,7541
Centre,2003,lycees,47,85.1,4519
Centre,2003,hopitaux,23,45.9,876
Centre,2004,routes_bitumees_km,862,67.4,74231
Centre,2004,routes_pistes_km,3425,47.2,98632
Centre,2004,ponts,88,55.2,1227
Centre,2004,centres_electriques,16,79.9,886
Centre,2004,bornes_fontaine,345,55.7,34390
Centre,2004,ecoles_primaires,841,82.5,77400
Centre,2004,colleges,172,87.8,5080
Centre,2004,lycees,47,86.2,4668
Centre,2004,hopitaux,27,53.3,2184
Centre,2005,routes_bitumees_km,781,62.7,11514
Centre,2005,routes_pistes_km,3326,55.1,182767
Centre,2005,ponts,81,66.6,7914
Centre,2005,centres_electriques,18,88.0,1289
Centre,2005,bornes_fontaine,316,73.7,15630
Centre,2005,ecoles_primaires,928,88.9,35279
Centre,2005,colleges,165,67.6,16255
Centre,2005,lycees,54,88.0,4306
Centre,2005,hopitaux,25,57.5,1459
Centre,2006,routes_bitumees_km,903,87.6,85645
Centre,2006,routes_pistes_km,3366,85.3,81018
Centre,2006,ponts,96,41.6,4587
Centre,2006,centres_electriques,17,46.4,1439
Centre,2006,bornes_fontaine,381,64.8,35802
Centre,2006,ecoles_primaires,941,72.3,80608
Centre,2006,colleges,183,55.9,16808
Centre,2006,lycees,56,49.3,754
Centre,2006,hopitaux,24,47.9,1660
Centre,2007,routes_bitumees_km,924,89.1,66059
Centre,2007,routes_pistes_km,3902,77.7,182452
Centre,2007,ponts,82,77.7,6938
Centre,2007,centres_electriques,16,70.1,682
Centre,2007,bornes_fontaine,331,72.1,6482
Centre,2007,ecoles_primaires,906,61.4,11184
Centre,2007,colleges,170,63.7,14399
Centre,2007,lycees,54,78.6,1636
Centre,2007,hopitaux,25,44.9,768
Centre,2008,routes_bitumees_km,1016,86.2,14001
Centre,2008,routes_pistes_km,4060,40.5,260462
Centre,2008,ponts,91,49.4,5405
Centre,2008,centres_electriques,17,80.6,192
Centre,2008,bornes_fontaine,336,69.9,15034
Centre,2008,ecoles_primaires,978,61.3,85581
Centre,2008,colleges,174,77.0,12893
Centre,2008,lycees,55,44.6,3640
Centre,2008,hopitaux,26,56.7,1813
Centre,2009,routes_bitumees_km,944,40.5,75278
Centre,2009,routes_pistes_km,4085,76.5,281563
Centre,2009,ponts,100,69.0,3179
Centre,2009,centres_electriques,20,64.2,1448
Centre,2009,bornes_fontaine,412,72.6,19490
Centre,2009,ecoles_primaires,927,75.4,40243
Centre,2009,colleges,191,44.9,2803
Centre,2009,lycees,62,53.6,5431
Centre,2009,hopitaux,27,64.3,1578
Centre,2010,routes_bitumees_km,922,44.1,10308
Centre,2010,routes_pistes_km,3679,42.9,293640
Centre,2010,ponts,99,75.4,5906
Centre,2010,centres_electriques,20,50.5,475
Centre,2010,bornes_fontaine,427,81.0,6868
Centre,2010,ecoles_primaires,952,46.4,78912
Centre,2010,colleges,204,86.4,12557
Centre,2010,lycees,54,41.2,4386
Centre,2010,hopitaux,31,74.7,1564
Centre,2011,routes_bitumees_km,1048,48.0,99462
Centre,2011,routes_pistes_km,3733,42.0,71018
Centre,2011,ponts,98,63.3,5622
Centre,2011,centres_electriques,20,54.0,880
Centre,2011,bornes_fontaine,422,82.6,24895
Centre,2011,ecoles_primaires,1095,89.9,52924
Centre,2011,colleges,190,80.8,11894
Centre,2011,lycees,61,41.3,1543
Centre,2011,hopitaux,32,69.9,2967
Centre,2012,routes_bitumees_km,1044,52.8,73260
Centre,2012,routes_pistes_km,4420,56.4,59915
Centre,2012,ponts,95,80.1,3853
Centre,2012,centres_electriques,20,50.5,309
Centre,2012,bornes_fontaine,398,62.5,36624
Centre,2012,ecoles_primaires,1013,58.5,35852
Centre,2012,colleges,217,84.2,17538
Centre,2012,lycees,59,78.4,3976
Centre,2012,hopitaux,32,82.8,974
Centre,2013,routes_bitumees_km,1055,61.6,71863
Centre,2013,routes_pistes_km,3977,63.8,40901
Centre,2013,ponts,110,67.8,6108
Centre,2013,centres_electriques,21,59.5,1815
Centre,2013,bornes_fontaine,439,76.7,25399
Centre,2013,ecoles_primaires,1000,48.5,22483
Centre,2013,colleges,227,73.6,7013
Centre,2013,lycees,66,57.4,2340
Centre,2013,hopitaux,31,73.0,1323
Centre,2014,routes_bitumees_km,1008,65.9,92912
Centre,2014,routes_pistes_km,4680,69.5,394744
Centre,2014,ponts,106,47.8,3633
Centre,2014,centres_electriques,23,85.4,926
Centre,2014,bornes_fontaine,446,56.4,44230
Centre,2014,ecoles_primaires,964,84.7,16702
Centre,2014,colleges,211,75.5,20313
Centre,2014,lycees,66,88.0,6081
Centre,2014,hopitaux,33,87.7,2659
Centre,2015,routes_bitumees_km,1128,79.2,101296
Centre,2015,routes_pistes_km,4010,45.6,350958
Centre,2015,ponts,109,56.9,6090
Centre,2015,centres_electriques,22,81.9,797
Centre,2015,bornes_fontaine,399,60.0,32362
Centre,2015,ecoles_primaires,981,61.4,87488
Centre,2015,colleges,208,80.6,2210
Centre,2015,lycees,66,52.7,4325
Centre,2015,hopitaux,29,60.2,840
Centre,2016,routes_bitumees_km,1012,89.9,62626
Centre,2016,routes_pistes_km,4019,68.5,80283
Centre,2016,ponts,118,46.2,5322
Centre,2016,centres_electriques,21,67.8,1467
Centre,2016,bornes_fontaine,410,77.6,28450
Centre,2016,ecoles_primaires,1218,48.4,20372
Centre,2016,colleges,235,41.7,22109
Centre,2016,lycees,60,64.5,1865
Centre,2016,hopitaux,32,74.4,1598
Centre,2017,routes_bitumees_km,1186,53.0,102413
Centre,2017,routes_pistes_km,4302,87.6,403673
Centre,2017,ponts,104,75.3,2347
Centre,2017,centres_electriques,21,61.5,227
Centre,2017,bornes_fontaine,449,67.3,19746
Centre,2017,ecoles_primaires,1127,72.8,93186
Centre,2017,colleges,219,51.2,4412
Centre,2017,lycees,74,49.2,4090
Centre,2017,hopitaux,33,50.6,2400
Centre,2018,routes_bitumees_km,1127,56.8,50091
Centre,2018,routes_pistes_km,4214,46.8,315115
Centre,2018,ponts,119,56.5,3923
Centre,2018,centres_electriques,21,64.5,1660
Centre,2018,bornes_fontaine,445,58.3,39127
Centre,2018,ecoles_primaires,1117,50.1,43986
Centre,2018,colleges,239,51.4,10217
Centre,2018,lycees,64,43.8,1918
Centre,2018,hopitaux,37,47.2,1035
Centre,2019,routes_bitumees_km,1284,74.1,98461
Centre,2019,routes_pistes_km,5174,70.1,74466
Centre,2019,ponts,118,77.1,9186
Centre,2019,centres_electriques,25,41.6,1095
Centre,2019,bornes_fontaine,451,42.7,5315
Centre,2019,ecoles_primaires,1088,75.8,73203
Centre,2019,colleges,231,61.6,5961
Centre,2019,lycees,67,64.1,6201
Centre,2019,hopitaux,33,61.2,2125
Centre,2020,routes_bitumees_km,1223,76.1,112220
Centre,2020,routes_pistes_km,4834,86.7,182442
Centre,2020,ponts,122,73.8,8024
Centre,2020,centres_electriques,24,69.1,1062
Centre,2020,bornes_fontaine,441,80.8,36080
Centre,2020,ecoles_primaires,1255,49.6,53226
Centre,2020,colleges,219,66.6,7997
Centre,2020,lycees,72,51.2,3811
Centre,2020,hopitaux,32,51.1,1105
Centre,2021,routes_bitumees_km,1101,41.7,99888
Centre,2021,routes_pistes_km,4769,45.2,204440
Centre,2021,ponts,119,85.6,4838
Centre,2021,centres_electriques,25,76.3,2003
Centre,2021,bornes_fontaine,476,62.4,39262
Centre,2021,ecoles_primaires,1142,72.8,39814
Centre,2021,colleges,230,64.0,7197
Centre,2021,lycees,74,66.6,5017
Centre,2021,hopitaux,36,79.8,2511
Centre,2022,routes_bitumees_km,1197,88.6,14386
Centre,2022,routes_pistes_km,4830,46.3,217631
Centre,2022,ponts,132,66.1,8332
Centre,2022,centres_electriques,26,47.5,326
Centre,2022,bornes_fontaine,498,49.5,14107
Centre,2022,ecoles_primaires,1204,65.1,73858
Centre,2022,colleges,242,54.7,19854
Centre,2022,lycees,75,72.4,4479
Centre,2022,hopitaux,38,70.0,3089
Centre,2023,routes_bitumees_km,1188,58.5,62102
Centre,2023,routes_pistes_km,4906,45.7,233152
Centre,2023,ponts,139,65.2,6984
Centre,2023,centres_electriques,23,64.0,1705
Centre,2023,bornes_fontaine,504,58.6,44107
Centre,2023,ecoles_primaires,1287,64.7,43808
Centre,2023,colleges,254,66.1,15042
Centre,2023,lycees,81,45.6,7111
Centre,2023,hopitaux,40,81.7,648
Est,2000,routes_bitumees_km,543,78.7,36240
Est,2000,routes_pistes_km,2111,65.1,154451
Est,2000,ponts,48,76.6,969
Est,2000,centres_electriques,9,48.9,346
Est,2000,bornes_fontaine,185,85.7,10453
Est,2000,ecoles_primaires,468,82.4,35543
Est,2000,colleges,107,48.0,10021
Est,2000,lycees,28,71.7,731
Est,2000,hopitaux,14,85.1,732
Est,2001,routes_bitumees_km,553,79.6,42277
Est,2001,routes_pistes_km,2134,69.9,124814
Est,2001,ponts,54,83.1,2127
Est,2001,centres_electriques,10,53.2,926
Est,2001,bornes_fontaine,187,83.4,8594
Est,2001,ecoles_primaires,489,76.1,40967
Est,2001,colleges,108,54.2,9783
Est,2001,lycees,31,51.9,363
Est,2001,hopitaux,15,55.8,1127
Est,2002,routes_bitumees_km,544,58.7,31415
Est,2002,routes_pistes_km,2056,68.3,159437
Est,2002,ponts,48,65.6,2131
Est,2002,centres_electriques,10,89.7,553
Est,2002,bornes_fontaine,191,65.5,4261
Est,2002,ecoles_primaires,494,49.3,41744
Est,2002,colleges,106,78.7,4706
Est,2002,lycees,33,47.0,505
Est,2002,hopitaux,17,52.6,1539
Est,2003,routes_bitumees_km,589,86.1,44768
Est,2003,routes_pistes_km,1969,57.9,36406
Est,2003,ponts,51,80.8,2472
Est,2003,centres_electriques,9,42.6,866
Est,2003,bornes_fontaine,231,50.1,12747
Est,2003,ecoles_primaires,555,89.9,19198
Est,2003,colleges,102,55.4,3940
Est,2003,lycees,31,47.5,2372
Est,2003,hopitaux,16,83.1,241
Est,2004,routes_bitumees_km,608,61.5,47339
Est,2004,routes_pistes_km,2167,79.7,56263
Est,2004,ponts,53,75.0,5270
Est,2004,centres_electriques,11,63.4,583
Est,2004,bornes_fontaine,230,43.5,21480
Est,2004,ecoles_primaires,517,72.1,27391
Est,2004,colleges,108,45.4,6608
Est,2004,lycees,36,44.8,3323
Est,2004,hopitaux,16,69.8,1507
Est,2005,routes_bitumees_km,566,86.9,12233
Est,2005,routes_pistes_km,2203,57.5,44940
Est,2005,ponts,55,64.7,1471
Est,2005,centres_electriques,10,75.3,513
Est,2005,bornes_fontaine,239,44.5,3787
Est,2005,ecoles_primaires,628,74.5,28067
Est,2005,colleges,113,78.0,10751
Est,2005,lycees,33,52.3,3276
Est,2005,hopitaux,18,56.7,324
Est,2006,routes_bitumees_km,567,56.3,43588
Est,2006,routes_pistes_km,2130,81.8,39051
Est,2006,ponts,61,46.1,1202
Est,2006,centres_electriques,11,58.5,472
Est,2006,bornes_fontaine,227,78.3,20708
Est,2006,ecoles_primaires,599,50.0,43096
Est,2006,colleges,121,89.6,3722
Est,2006,lycees,32,40.5,2017
Est,2006,hopitaux,18,57.8,1620
Est,2007,routes_bitumees_km,664,77.5,33371
Est,2007,routes_pistes_km,2292,89.1,103736
Est,2007,ponts,60,45.9,2760
Est,2007,centres_electriques,11,73.7,999
Est,2007,bornes_fontaine,263,46.1,24389
Est,2007,ecoles_primaires,557,66.7,32457
Est,2007,colleges,120,46.8,11782
Est,2007,lycees,38,45.4,2947
Est,2007,hopitaux,18,80.5,1604
Est,2008,routes_bitumees_km,608,85.9,40734
Est,2008,routes_pistes_km,2238,65.5,79483
Est,2008,ponts,66,49.3,3455
Est,2008,centres_electriques,11,41.7,272
Est,2008,bornes_fontaine,262,73.5,25229
Est,2008,ecoles_primaires,633,88.2,39234
Est,2008,colleges,130,78.1,10261
Est,2008,lycees,38,70.6,702
Est,2008,hopitaux,19,71.7,1771
Est,2009,routes_bitumees_km,584,51.0,45581
Est,2009,routes_pistes_km,2574,54.1,144740
Est,2009,ponts,61,67.0,3010
Est,2009,centres_electriques,13,57.4,1270
Est,2009,bornes_fontaine,271,57.9,8580
Est,2009,ecoles_primaires,573,55.9,33905
Est,2009,colleges,128,54.3,5449
Est,2009,lycees,38,71.1,2627
Est,2009,hopitaux,19,76.2,1021
Est,2010,routes_bitumees_km,648,80.9,40025
Est,2010,routes_pistes_km,2455,75.6,43066
Est,2010,ponts,71,54.0,7047
Est,2010,centres_electriques,12,55.8,282
Est,2010,bornes_fontaine,253,88.4,22889
Est,2010,ecoles_primaires,710,85.0,14907
Est,2010,colleges,126,47.8,9525
Est,2010,lycees,38,45.6,1826
Est,2010,hopitaux,19,86.2,1409
Est,2011,routes_bitumees_km,717,55.8,23117
Est,2011,routes_pistes_km,2835,71.4,271133
Est,2011,ponts,67,42.1,2866
Est,2011,centres_electriques,13,45.3,1113
Est,2011,bornes_fontaine,265,53.1,24645
Est,2011,ecoles_primaires,668,59.0,11640
Est,2011,colleges,142,66.8,3194
Est,2011,lycees,38,68.8,1109
Est,2011,hopitaux,18,76.6,651
Est,2012,routes_bitumees_km,746,41.2,38863
Est,2012,routes_pistes_km,2752,45.8,231927
Est,2012,ponts,73,68.5,4275
Est,2012,centres_electriques,13,73.3,1162
Est,2012,bornes_fontaine,246,53.7,23763
Est,2012,ecoles_primaires,661,57.8,11361
Est,2012,colleges,133,46.6,8867
Est,2012,lycees,41,81.0,1965
Est,2012,hopitaux,19,56.7,1786
Est,2013,routes_bitumees_km,659,78.2,25361
Est,2013,routes_pistes_km,2750,82.8,126126
Est,2013,ponts,64,81.5,1607
Est,2013,centres_electriques,13,46.0,235
Est,2013,bornes_fontaine,304,67.5,17747
Est,2013,ecoles_primaires,743,64.6,26164
Est,2013,colleges,140,40.1,1422
Est,2013,lycees,41,42.0,2550
Est,2013,hopitaux,22,64.5,1544
Est,2014,routes_bitumees_km,745,67.8,54328
Est,2014,routes_pistes_km,3112,86.6,102795
Est,2014,ponts,74,45.9,2990
Est,2014,centres_electriques,13,66.4,873
Est,2014,bornes_fontaine,287,57.4,14675
Est,2014,ecoles_primaires,755,65.9,9916
Est,2014,colleges,134,78.2,2551
Est,2014,lycees,41,52.8,2232
Est,2014,hopitaux,22,60.1,2049
Est,2015,routes_bitumees_km,759,49.8,21200
Est,2015,routes_pistes_km,2820,40.2,194075
Est,2015,ponts,76,49.0,6490
Est,2015,centres_electriques,15,50.4,1453
Est,2015,bornes_fontaine,295,49.7,9236
Est,2015,ecoles_primaires,654,57.8,23043
Est,2015,colleges,143,83.6,13323
Est,2015,lycees,46,89.8,1563
Est,2015,hopitaux,20,55.5,285
Est,2016,routes_bitumees_km,687,61.1,35049
Est,2016,routes_pistes_km,2849,70.0,82372
Est,2016,ponts,66,55.5,1123
Est,2016,centres_electriques,13,48.1,187
Est,2016,bornes_fontaine,270,83.9,21517
Est,2016,ecoles_primaires,671,71.7,64561
Est,2016,colleges,139,73.7,7115
Est,2016,lycees,41,89.1,3415
Est,2016,hopitaux,22,78.7,760
Est,2017,routes_bitumees_km,749,77.8,12063
Est,2017,routes_pistes_km,3017,59.1,264405
Est,2017,ponts,81,55.7,2484
Est,2017,centres_electriques,13,54.1,767
Est,2017,bornes_fontaine,317,40.6,24094
Est,2017,ecoles_primaires,705,41.2,40977
Est,2017,colleges,136,49.6,7956
Est,2017,lycees,42,53.7,1532
Est,2017,hopitaux,21,44.8,1585
Est,2018,routes_bitumees_km,708,41.3,38229
Est,2018,routes_pistes_km,3036,43.1,220416
Est,2018,ponts,77,53.1,2394
Est,2018,centres_electriques,14,58.7,445
Est,2018,bornes_fontaine,310,88.0,12602
Est,2018,ecoles_primaires,731,54.0,60592
Est,2018,colleges,163,75.5,5901
Est,2018,lycees,48,61.9,3264
Est,2018,hopitaux,23,81.5,2028
Est,2019,routes_bitumees_km,715,74.3,54955
Est,2019,routes_pistes_km,3285,76.6,309686
Est,2019,ponts,75,59.3,4381
Est,2019,centres_electriques,14,63.9,324
Est,2019,bornes_fontaine,331,64.5,32266
Est,2019,ecoles_primaires,834,50.5,10949
Est,2019,colleges,151,69.7,12405
Est,2019,lycees,44,70.2,1393
Est,2019,hopitaux,25,41.8,367
Est,2020,routes_bitumees_km,734,41.1,10354
Est,2020,routes_pistes_km,3135,56.3,285321
Est,2020,ponts,84,88.8,1779
Est,2020,centres_electriques,14,71.7,920
Est,2020,bornes_fontaine,306,57.1,13374
Est,2020,ecoles_primaires,799,73.8,29650
Est,2020,colleges,150,71.3,5530
Est,2020,lycees,43,70.1,3098
Est,2020,hopitaux,25,48.3,704
Est,2021,routes_bitumees_km,839,88.1,57284
Est,2021,routes_pistes_km,3269,75.4,102660
Est,2021,ponts,83,75.9,3481
Est,2021,centres_electriques,15,43.3,714
Est,2021,bornes_fontaine,317,75.6,28228
Est,2021,ecoles_primaires,888,75.5,76102
Est,2021,colleges,157,65.3,3721
Est,2021,lycees,52,61.1,4429
Est,2021,hopitaux,24,46.1,1224
Est,2022,routes_bitumees_km,855,45.8,81297
Est,2022,routes_pistes_km,3110,87.4,138485
Est,2022,ponts,87,40.5,2102
Est,2022,centres_electriques,16,80.0,1336
Est,2022,bornes_fontaine,351,89.6,28213
Est,2022,ecoles_primaires,797,84.9,67727
Est,2022,colleges,160,59.5,15296
Est,2022,lycees,50,74.6,1154
Est,2022,hopitaux,26,66.1,2519
Est,2023,routes_bitumees_km,774,74.0,63498
Est,2023,routes_pistes_km,3693,54.6,138378
Est,2023,ponts,77,89.6,5716
Est,2023,centres_electriques,17,44.6,1202
Est,2023,bornes_fontaine,346,59.9,16190
Est,2023,ecoles_primaires,777,64.8,13355
Est,2023,colleges,180,87.0,9616
Est,2023,lycees,47,65.3,3164
Est,2023,hopitaux,26,64.6,2286
Extrême-Nord,2000,routes_bitumees_km,405,80.9,26568
Extrême-Nord,2000,routes_pistes_km,1554,52.5,48510
Extrême-Nord,2000,ponts,42,72.8,2317
Extrême-Nord,2000,centres_electriques,7,83.0,85
Extrême-Nord,2000,bornes_fontaine,144,62.2,6731
Extrême-Nord,2000,ecoles_primaires,419,89.0,37132
Extrême-Nord,2000,colleges,74,62.2,6961
Extrême-Nord,2000,lycees,24,82.3,703
Extrême-Nord,2000,hopitaux,12,56.4,580
Extrême-Nord,2001,routes_bitumees_km,438,59.5,28072
Extrême-Nord,2001,routes_pistes_km,1502,63.6,144344
Extrême-Nord,2001,ponts,37,57.3,2419
Extrême-Nord,2001,centres_electriques,7,62.9,624
Extrême-Nord,2001,bornes_fontaine,170,77.5,4126
Extrême-Nord,2001,ecoles_primaires,373,60.2,32012
Extrême-Nord,2001,colleges,76,66.6,3375
Extrême-Nord,2001,lycees,22,77.8,1239
Extrême-Nord,2001,hopitaux,11,81.7,399
Extrême-Nord,2002,routes_bitumees_km,448,59.0,37851
Extrême-Nord,2002,routes_pistes_km,1784,89.3,26246
Extrême-Nord,2002,ponts,42,60.9,4085
Extrême-Nord,2002,centres_electriques,8,63.4,535
Extrême-Nord,2002,bornes_fontaine,177,50.5,10486
Extrême-Nord,2002,ecoles_primaires,399,49.3,5095
Extrême-Nord,2002,colleges,82,40.8,1324
Extrême-Nord,2002,lycees,24,53.7,670
Extrême-Nord,2002,hopitaux,11,81.8,317
Extrême-Nord,2003,routes_bitumees_km,476,69.9,8642
Extrême-Nord,2003,routes_pistes_km,1583,76.9,57296
Extrême-Nord,2003,ponts,47,51.2,2654
Extrême-Nord,2003,centres_electriques,7,86.8,77
Extrême-Nord,2003,bornes_fontaine,173,60.5,4556
Extrême-Nord,2003,ecoles_primaires,423,69.8,6889
Extrême-Nord,2003,colleges,93,60.9,3661
Extrême-Nord,2003,lycees,25,89.4,2003
Extrême-Nord,2003,hopitaux,12,89.1,977
Extrême-Nord,2004,routes_bitumees_km,469,70.9,10884
Extrême-Nord,2004,routes_pistes_km,1722,61.4,68585
Extrême-Nord,2004,ponts,45,81.4,2771
Extrême-Nord,2004,centres_electriques,8,83.1,412
Extrême-Nord,2004,bornes_fontaine,186,79.8,8018
Extrême-Nord,2004,ecoles_primaires,442,72.9,21692
Extrême-Nord,2004,colleges,92,84.9,6354
Extrême-Nord,2004,lycees,27,80.2,1659
Extrême-Nord,2004,hopitaux,12,73.9,1167
Extrême-Nord,2005,routes_bitumees_km,418,44.8,31369
Extrême-Nord,2005,routes_pistes_km,1773,76.4,62991
Extrême-Nord,2005,ponts,46,89.3,1767
Extrême-Nord,2005,centres_electriques,9,87.3,433
Extrême-Nord,2005,bornes_fontaine,179,48.7,17730
Extrême-Nord,2005,ecoles_primaires,464,73.2,9414
Extrême-Nord,2005,colleges,84,67.2,1467
Extrême-Nord,2005,lycees,28,43.7,587
Extrême-Nord,2005,hopitaux,14,85.8,492
Extrême-Nord,2006,routes_bitumees_km,458,74.7,19267
Extrême-Nord,2006,routes_pistes_km,1897,60.6,162218
Extrême-Nord,2006,ponts,44,64.0,1307
Extrême-Nord,2006,centres_electriques,9,64.8,173
Extrême-Nord,2006,bornes_fontaine,196,85.9,13213
Extrême-Nord,2006,ecoles_primaires,484,68.2,45900
Extrême-Nord,2006,colleges,86,48.4,3021
Extrême-Nord,2006,lycees,27,79.6,1743
Extrême-Nord,2006,hopitaux,14,53.5,246
Extrême-Nord,2007,routes_bitumees_km,493,40.6,29841
Extrême-Nord,2007,routes_pistes_km,1894,49.4,182279
Extrême-Nord,2007,ponts,46,69.1,1085
Extrême-Nord,2007,centres_electriques,9,83.0,722
Extrême-Nord,2007,bornes_fontaine,193,59.1,10756
Extrême-Nord,2007,ecoles_primaires,480,70.6,27278
Extrême-Nord,2007,colleges,100,42.8,6599
Extrême-Nord,2007,lycees,31,83.5,837
Extrême-Nord,2007,hopitaux,14,57.0,820
Extrême-Nord,2008,routes_bitumees_km,480,69.3,37267
Extrême-Nord,2008,routes_pistes_km,1870,47.7,86898
Extrême-Nord,2008,ponts,45,71.3,2311
Extrême-Nord,2008,centres_electriques,9,86.2,856
Extrême-Nord,2008,bornes_fontaine,202,61.7,13582
Extrême-Nord,2008,ecoles_primaires,455,48.0,4778
Extrême-Nord,2008,colleges,90,88.1,5016
Extrême-Nord,2008,lycees,30,42.3,1038
Extrême-Nord,2008,hopitaux,15,40.3,534
Extrême-Nord,2009,routes_bitumees_km,511,79.9,38938
Extrême-Nord,2009,routes_pistes_km,2050,83.2,178216
Extrême-Nord,2009,ponts,48,59.2,4477
Extrême-Nord,2009,centres_electriques,9,82.8,797
Extrême-Nord,2009,bornes_fontaine,221,73.3,13653
Extrême-Nord,2009,ecoles_primaires,557,75.6,50098
Extrême-Nord,2009,colleges,92,84.0,5065
Extrême-Nord,2009,lycees,33,70.7,775
Extrême-Nord,2009,hopitaux,15,60.5,191
Extrême-Nord,2010,routes_bitumees_km,519,61.8,20362
Extrême-Nord,2010,routes_pistes_km,1954,56.0,78976
Extrême-Nord,2010,ponts,54,59.5,776
Extrême-Nord,2010,centres_electriques,9,56.1,456
Extrême-Nord,2010,bornes_fontaine,196,73.8,7986
Extrême-Nord,2010,ecoles_primaires,560,82.2,48905
Extrême-Nord,2010,colleges,99,60.4,5551
Extrême-Nord,2010,lycees,33,68.2,2838
Extrême-Nord,2010,hopitaux,15,49.0,336
Extrême-Nord,2011,routes_bitumees_km,579,82.3,5899
Extrême-Nord,2011,routes_pistes_km,2208,75.0,82898
Extrême-Nord,2011,ponts,56,72.9,3989
Extrême-Nord,2011,centres_electriques,10,67.5,173
Extrême-Nord,2011,bornes_fontaine,204,55.1,3961
Extrême-Nord,2011,ecoles_primaires,517,70.9,16739
Extrême-Nord,2011,colleges,101,73.7,8743
Extrême-Nord,2011,lycees,32,62.3,2240
Extrême-Nord,2011,hopitaux,14,43.5,559
Extrême-Nord,2012,routes_bitumees_km,593,67.4,17631
Extrême-Nord,2012,routes_pistes_km,2392,54.0,119495
Extrême-Nord,2012,ponts,56,54.4,1017
Extrême-Nord,2012,centres_electriques,11,44.7,531
Extrême-Nord,2012,bornes_fontaine,224,67.0,18997
Extrême-Nord,2012,ecoles_primaires,535,66.6,11105
Extrême-Nord,2012,colleges,104,67.3,8733
Extrême-Nord,2012,lycees,32,84.4,2548
Extrême-Nord,2012,hopitaux,15,74.7,203
Extrême-Nord,2013,routes_bitumees_km,609,61.9,12151
Extrême-Nord,2013,routes_pistes_km,2210,75.5,40224
Extrême-Nord,2013,ponts,61,61.0,4745
Extrême-Nord,2013,centres_electriques,10,78.1,923
Extrême-Nord,2013,bornes_fontaine,212,73.7,10257
Extrême-Nord,2013,ecoles_primaires,581,80.1,13143
Extrême-Nord,2013,colleges,104,62.7,7003
Extrême-Nord,2013,lycees,36,85.0,478
Extrême-Nord,2013,hopitaux,18,75.3,1020
Extrême-Nord,2014,routes_bitumees_km,522,59.6,47950
Extrême-Nord,2014,routes_pistes_km,2086,65.3,145063
Extrême-Nord,2014,ponts,62,56.5,2892
Extrême-Nord,2014,centres_electriques,11,55.9,671
Extrême-Nord,2014,bornes_fontaine,216,59.8,18033
Extrême-Nord,2014,ecoles_primaires,545,71.0,37334
Extrême-Nord,2014,colleges,123,53.1,11676
Extrême-Nord,2014,lycees,34,40.5,3255
Extrême-Nord,2014,hopitaux,17,80.5,608
Extrême-Nord,2015,routes_bitumees_km,532,57.3,17120
Extrême-Nord,2015,routes_pistes_km,2485,86.3,115505
Extrême-Nord,2015,ponts,59,71.8,1195
Extrême-Nord,2015,centres_electriques,10,52.1,754
Extrême-Nord,2015,bornes_fontaine,246,55.4,7447
Extrême-Nord,2015,ecoles_primaires,548,55.7,51778
Extrême-Nord,2015,colleges,126,87.0,2065
Extrême-Nord,2015,lycees,36,65.4,2247
Extrême-Nord,2015,hopitaux,18,80.1,783
Extrême-Nord,2016,routes_bitumees_km,538,63.5,40095
Extrême-Nord,2016,routes_pistes_km,2178,49.0,141940
Extrême-Nord,2016,ponts,65,78.8,3208
Extrême-Nord,2016,centres_electriques,12,53.9,174
Extrême-Nord,2016,bornes_fontaine,215,51.6,15134
Extrême-Nord,2016,ecoles_primaires,646,76.7,60331
Extrême-Nord,2016,colleges,117,89.3,11245
Extrême-Nord,2016,lycees,32,53.9,3199
Extrême-Nord,2016,hopitaux,16,59.8,1596
Extrême-Nord,2017,routes_bitumees_km,583,49.2,42980
Extrême-Nord,2017,routes_pistes_km,2568,83.4,40499
Extrême-Nord,2017,ponts,56,58.0,2022
Extrême-Nord,2017,centres_electriques,11,55.4,738
Extrême-Nord,2017,bornes_fontaine,243,44.4,14672
Extrême-Nord,2017,ecoles_primaires,638,68.4,31211
Extrême-Nord,2017,colleges,127,44.9,7714
Extrême-Nord,2017,lycees,38,80.5,2105
Extrême-Nord,2017,hopitaux,16,61.7,348
Extrême-Nord,2018,routes_bitumees_km,655,72.4,18223
Extrême-Nord,2018,routes_pistes_km,2562,71.2,164080
Extrême-Nord,2018,ponts,66,59.8,6522
Extrême-Nord,2018,centres_electriques,11,53.9,596
Extrême-Nord,2018,bornes_fontaine,237,63.1,3091
Extrême-Nord,2018,ecoles_primaires,579,81.0,9152
Extrême-Nord,2018,colleges,113,58.1,7359
Extrême-Nord,2018,lycees,35,51.9,1917
Extrême-Nord,2018,hopitaux,18,40.9,1230
Extrême-Nord,2019,routes_bitumees_km,640,60.4,34112
Extrême-Nord,2019,routes_pistes_km,2418,84.8,27235
Extrême-Nord,2019,ponts,61,57.8,2300
Extrême-Nord,2019,centres_electriques,12,73.4,1145
Extrême-Nord,2019,bornes_fontaine,234,81.4,6698
Extrême-Nord,2019,ecoles_primaires,571,70.5,51358
Extrême-Nord,2019,colleges,126,83.6,10310
Extrême-Nord,2019,lycees,38,75.8,1416
Extrême-Nord,2019,hopitaux,17,55.5,1287
Extrême-Nord,2020,routes_bitumees_km,689,73.1,53023
Extrême-Nord,2020,routes_pistes_km,2586,73.7,33090
Extrême-Nord,2020,ponts,63,49.0,4822
Extrême-Nord,2020,centres_electriques,11,80.0,603
Extrême-Nord,2020,bornes_fontaine,242,52.9,12063
Extrême-Nord,2020,ecoles_primaires,631,68.5,58205
Extrême-Nord,2020,colleges,137,89.5,9441
Extrême-Nord,2020,lycees,35,48.0,2734
Extrême-Nord,2020,hopitaux,18,47.7,668
Extrême-Nord,2021,routes_bitumees_km,686,59.7,44989
Extrême-Nord,2021,routes_pistes_km,2514,86.6,244115
Extrême-Nord,2021,ponts,69,44.9,2475
Extrême-Nord,2021,centres_electriques,12,55.2,676
Extrême-Nord,2021,bornes_fontaine,274,69.8,16873
Extrême-Nord,2021,ecoles_primaires,598,49.3,33795
Extrême-Nord,2021,colleges,141,51.4,3240
Extrême-Nord,2021,lycees,38,84.5,428
Extrême-Nord,2021,hopitaux,21,82.2,1051
Extrême-Nord,2022,routes_bitumees_km,653,73.0,7996
Extrême-Nord,2022,routes_pistes_km,2757,70.2,97109
Extrême-Nord,2022,ponts,66,71.2,4799
Extrême-Nord,2022,centres_electriques,13,65.9,1089
Extrême-Nord,2022,bornes_fontaine,245,61.2,8410
Extrême-Nord,2022,ecoles_primaires,630,60.1,36337
Extrême-Nord,2022,colleges,127,46.9,8971
Extrême-Nord,2022,lycees,39,52.2,3440
Extrême-Nord,2022,hopitaux,18,66.8,1671
Extrême-Nord,2023,routes_bitumees_km,723,44.7,36274
Extrême-Nord,2023,routes_pistes_km,2644,76.2,207948
Extrême-Nord,2023,ponts,71,52.6,4993
Extrême-Nord,2023,centres_electriques,14,59.9,722
Extrême-Nord,2023,bornes_fontaine,246,81.9,9880
Extrême-Nord,2023,ecoles_primaires,720,73.4,63822
Extrême-Nord,2023,colleges,134,43.0,4665
Extrême-Nord,2023,lycees,42,49.1,3961
Extrême-Nord,2023,hopitaux,20,81.4,771
Littoral,2000,routes_bitumees_km,784,63.0,44880
Littoral,2000,routes_pistes_km,3241,80.5,136029
Littoral,2000,ponts,72,73.2,6901
Littoral,2000,centres_electriques,15,64.4,1384
Littoral,2000,bornes_fontaine,286,52.6,23940
Littoral,2000,ecoles_primaires,690,72.6,37319
Littoral,2000,colleges,140,52.8,13912
Littoral,2000,lycees,43,85.0,1874
Littoral,2000,hopitaux,21,82.6,663
Littoral,2001,routes_bitumees_km,804,65.9,76054
Littoral,2001,routes_pistes_km,3394,81.7,225310
Littoral,2001,ponts,79,80.3,3158
Littoral,2001,centres_electriques,15,57.3,1409
Littoral,2001,bornes_fontaine,286,41.4,21505
Littoral,2001,ecoles_primaires,735,80.9,13019
Littoral,2001,colleges,146,86.1,11602
Littoral,2001,lycees,42,82.0,1877
Littoral,2001,hopitaux,22,80.5,801
Littoral,2002,routes_bitumees_km,819,48.6,71005
Littoral,2002,routes_pistes_km,3067,75.4,63208
Littoral,2002,ponts,80,52.4,5634
Littoral,2002,centres_electriques,15,68.1,1215
Littoral,2002,bornes_fontaine,326,68.5,11172
Littoral,2002,ecoles_primaires,739,59.9,69121
Littoral,2002,colleges,164,57.0,10930
Littoral,2002,lycees,45,89.2,3561
Littoral,2002,hopitaux,21,45.9,1674
Littoral,2003,routes_bitumees_km,766,47.0,70270
Littoral,2003,routes_pistes_km,3007,88.3,193543
Littoral,2003,ponts,82,73.4,3720
Littoral,2003,centres_electriques,15,88.3,540
Littoral,2003,bornes_fontaine,336,85.7,25772
Littoral,2003,ecoles_primaires,884,60.4,17212
Littoral,2003,colleges,165,44.4,12943
Littoral,2003,lycees,49,59.7,634
Littoral,2003,hopitaux,24,85.5,2280
Littoral,2004,routes_bitumees_km,880,79.1,54812
Littoral,2004,routes_pistes_km,3536,55.7,120283
Littoral,2004,ponts,89,41.4,1346
Littoral,2004,centres_electriques,16,42.0,623
Littoral,2004,bornes_fontaine,324,89.5,12599
Littoral,2004,ecoles_primaires,833,60.6,55842
Littoral,2004,colleges,167,86.2,9182
Littoral,2004,lycees,55,47.1,3162
Littoral,2004,hopitaux,25,83.2,1127
Littoral,2005,routes_bitumees_km,887,89.3,58125
Littoral,2005,routes_pistes_km,3559,68.5,89271
Littoral,2005,ponts,93,82.2,5281
Littoral,2005,centres_electriques,16,81.7,660
Littoral,2005,bornes_fontaine,344,73.0,23751
Littoral,2005,ecoles_primaires,841,80.8,72580
Littoral,2005,colleges,182,54.3,6757
Littoral,2005,lycees,47,74.5,3492
Littoral,2005,hopitaux,23,72.0,317
Littoral,2006,routes_bitumees_km,955,86.6,81371
Littoral,2006,routes_pistes_km,3787,68.6,249543
Littoral,2006,ponts,87,84.2,1434
Littoral,2006,centres_electriques,18,46.2,466
Littoral,2006,bornes_fontaine,329,51.7,27357
Littoral,2006,ecoles_primaires,836,70.8,28044
Littoral,2006,colleges,175,83.3,1912
Littoral,2006,lycees,48,52.9,882
Littoral,2006,hopitaux,28,64.1,1416
Littoral,2007,routes_bitumees_km,995,78.4,39335
Littoral,2007,routes_pistes_km,3557,56.7,132533
Littoral,2007,ponts,99,72.5,7398
Littoral,2007,centres_electriques,17,83.7,1541
Littoral,2007,bornes_fontaine,340,79.5,21943
Littoral,2007,ecoles_primaires,849,71.9,45478
Littoral,2007,colleges,186,55.9,3481
Littoral,2007,lycees,51,84.9,1911
Littoral,2007,hopitaux,29,63.2,304
Littoral,2008,routes_bitumees_km,993,64.4,52619
Littoral,2008,routes_pistes_km,3793,80.8,240944
Littoral,2008,ponts,85,78.2,4746
Littoral,2008,centres_electriques,18,44.4,1556
Littoral,2008,bornes_fontaine,339,55.4,23893
Littoral,2008,ecoles_primaires,858,78.7,45399
Littoral,2008,colleges,177,57.2,9479
Littoral,2008,lycees,53,57.4,817
Littoral,2008,hopitaux,26,62.8,745
Littoral,2009,routes_bitumees_km,1027,51.7,40515
Littoral,2009,routes_pistes_km,4096,75.5,345995
Littoral,2009,ponts,99,64.4,1246
Littoral,2009,centres_electriques,20,85.5,406
Littoral,2009,bornes_fontaine,383,45.5,3999
Littoral,2009,ecoles_primaires,949,70.0,68492
Littoral,2009,colleges,187,60.8,4737
Littoral,2009,lycees,52,84.1,3416
Littoral,2009,hopitaux,26,80.5,452
Littoral,2010,routes_bitumees_km,881,66.8,40130
Littoral,2010,routes_pistes_km,4015,58.2,227541
Littoral,2010,ponts,92,45.1,8829
Littoral,2010,centres_electriques,21,57.9,1044
Littoral,2010,bornes_fontaine,368,57.2,25925
Littoral,2010,ecoles_primaires,1063,52.2,12521
Littoral,2010,colleges,210,48.8,8452
Littoral,2010,lycees,64,86.1,2944
Littoral,2010,hopitaux,28,52.2,2524
Littoral,2011,routes_bitumees_km,972,44.4,48303
Littoral,2011,routes_pistes_km,4144,67.1,388265
Littoral,2011,ponts,100,85.0,9187
Littoral,2011,centres_electriques,21,72.9,866
Littoral,2011,bornes_fontaine,367,61.3,31769
Littoral,2011,ecoles_primaires,931,71.9,25343
Littoral,2011,colleges,192,57.1,4677
Littoral,2011,lycees,55,73.2,4526
Littoral,2011,hopitaux,27,78.9,789
Littoral,2012,routes_bitumees_km,1117,56.3,30717
Littoral,2012,routes_pistes_km,3770,42.4,121561
Littoral,2012,ponts,111,87.0,3525
Littoral,2012,centres_electriques,21,62.4,757
Littoral,2012,bornes_fontaine,393,78.8,25458
Littoral,2012,ecoles_primaires,1105,84.3,71631
Littoral,2012,colleges,215,49.4,9291
Littoral,2012,lycees,57,85.4,4147
Littoral,2012,hopitaux,31,71.3,1276
Littoral,2013,routes_bitumees_km,1045,82.5,25864
Littoral,2013,routes_pistes_km,3894,84.8,96628
Littoral,2013,ponts,101,84.3,7427
Littoral,2013,centres_electriques,20,67.5,1457
Littoral,2013,bornes_fontaine,425,64.9,26740
Littoral,2013,ecoles_primaires,1049,43.0,99783
Littoral,2013,colleges,204,66.8,14309
Littoral,2013,lycees,60,43.2,4651
Littoral,2013,hopitaux,31,53.5,1834
Littoral,2014,routes_bitumees_km,1104,68.3,98909
Littoral,2014,routes_pistes_km,4441,83.4,421283
Littoral,2014,ponts,100,65.2,6133
Littoral,2014,centres_electriques,19,61.7,1636
Littoral,2014,bornes_fontaine,409,48.6,20622
Littoral,2014,ecoles_primaires,1074,74.6,105259
Littoral,2014,colleges,203,68.8,9881
Littoral,2014,lycees,69,73.2,4283
Littoral,2014,hopitaux,34,42.2,1828
Littoral,2015,routes_bitumees_km,1137,50.5,51214
Littoral,2015,routes_pistes_km,4700,65.8,434586
Littoral,2015,ponts,113,71.2,8227
Littoral,2015,centres_electriques,21,52.9,1841
Littoral,2015,bornes_fontaine,426,87.8,9744
Littoral,2015,ecoles_primaires,1009,61.9,28216
Littoral,2015,colleges,199,75.2,10843
Littoral,2015,lycees,64,60.6,5636
Littoral,2015,hopitaux,33,65.1,742
Littoral,2016,routes_bitumees_km,1151,68.4,103730
Littoral,2016,routes_pistes_km,4878,66.4,369592
Littoral,2016,ponts,116,72.8,11241
Littoral,2016,centres_electriques,23,51.0,650
Littoral,2016,bornes_fontaine,434,62.1,24750
Littoral,2016,ecoles_primaires,999,41.5,42503
Littoral,2016,colleges,241,88.6,23592
Littoral,2016,lycees,72,49.4,1296
Littoral,2016,hopitaux,36,86.6,407
Littoral,2017,routes_bitumees_km,1035,86.5,39731
Littoral,2017,routes_pistes_km,4962,72.8,277368
Littoral,2017,ponts,103,68.0,1637
Littoral,2017,centres_electriques,20,75.0,1067
Littoral,2017,bornes_fontaine,410,65.0,39286
Littoral,2017,ecoles_primaires,1235,78.9,63989
Littoral,2017,colleges,209,60.5,12174
Littoral,2017,lycees,62,76.1,5345
Littoral,2017,hopitaux,33,67.2,2538
Littoral,2018,routes_bitumees_km,1116,49.3,51522
Littoral,2018,routes_pistes_km,4727,48.6,327651
Littoral,2018,ponts,109,85.3,1404
Littoral,2018,centres_electriques,20,72.4,412
Littoral,2018,bornes_fontaine,424,60.4,16172
Littoral,2018,ecoles_primaires,1269,48.9,33427
Littoral,2018,colleges,251,49.7,19298
Littoral,2018,lycees,67,84.3,4318
Littoral,2018,hopitaux,33,64.8,1126
Littoral,2019,routes_bitumees_km,1293,49.3,118214
Littoral,2019,routes_pistes_km,4812,60.2,454850
Littoral,2019,ponts,106,58.7,5201
Littoral,2019,centres_electriques,24,58.4,651
Littoral,2019,bornes_fontaine,429,75.5,21549
Littoral,2019,ecoles_primaires,1143,73.7,27377
Littoral,2019,colleges,217,76.3,7731
Littoral,2019,lycees,76,71.5,7021
Littoral,2019,hopitaux,38,63.1,1859
Littoral,2020,routes_bitumees_km,1313,42.8,56652
Littoral,2020,routes_pistes_km,4876,69.2,263669
Littoral,2020,ponts,128,60.8,4485
Littoral,2020,centres_electriques,26,79.6,2422
Littoral,2020,bornes_fontaine,474,83.9,36519
Littoral,2020,ecoles_primaires,1313,45.8,95249
Littoral,2020,colleges,244,45.0,24199
Littoral,2020,lycees,65,76.6,1101
Littoral,2020,hopitaux,38,50.7,802
Littoral,2021,routes_bitumees_km,1331,60.8,15252
Littoral,2021,routes_pistes_km,4573,77.8,392160
Littoral,2021,ponts,118,72.2,10802
Littoral,2021,centres_electriques,25,88.1,1515
Littoral,2021,bornes_fontaine,441,70.9,38082
Littoral,2021,ecoles_primaires,1285,41.3,58047
Littoral,2021,colleges,229,59.4,14401
Littoral,2021,lycees,70,87.6,6803
Littoral,2021,hopitaux,39,80.4,1393
Littoral,2022,routes_bitumees_km,1156,45.7,84912
Littoral,2022,routes_pistes_km,5044,71.0,130722
Littoral,2022,ponts,136,42.2,6143
Littoral,2022,centres_electriques,23,71.0,1791
Littoral,2022,bornes_fontaine,453,65.8,29463
Littoral,2022,ecoles_primaires,1220,49.8,27445
Littoral,2022,colleges,242,46.8,13152
Littoral,2022,lycees,79,44.2,7415
Littoral,2022,hopitaux,35,75.2,2854
Littoral,2023,routes_bitumees_km,1266,50.7,42091
Littoral,2023,routes_pistes_km,5561,76.4,443764
Littoral,2023,ponts,129,63.6,9150
Littoral,2023,centres_electriques,26,63.2,314
Littoral,2023,bornes_fontaine,496,85.0,11819
Littoral,2023,ecoles_primaires,1251,81.0,51963
Littoral,2023,colleges,246,67.2,9882
Littoral,2023,lycees,69,48.5,982
Littoral,2023,hopitaux,37,86.6,1729
Nord,2000,routes_bitumees_km,400,84.5,27844
Nord,2000,routes_pistes_km,1553,88.5,153325
Nord,2000,ponts,40,83.3,3188
Nord,2000,centres_electriques,8,76.7,80
Nord,2000,bornes_fontaine,152,67.7,2264
Nord,2000,ecoles_primaires,406,57.3,27900
Nord,2000,colleges,76,64.0,1677
Nord,2000,lycees,26,53.7,2592
Nord,2000,hopitaux,12,69.3,227
Nord,2001,routes_bitumees_km,424,73.6,26687
Nord,2001,routes_pistes_km,1549,49.6,138234
Nord,2001,ponts,40,43.4,2277
Nord,2001,centres_electriques,8,74.2,252
Nord,2001,bornes_fontaine,159,52.8,5561
Nord,2001,ecoles_primaires,448,77.7,30947
Nord,2001,colleges,81,79.9,6157
Nord,2001,lycees,23,55.7,1585
Nord,2001,hopitaux,11,43.0,354
Nord,2002,routes_bitumees_km,395,44.3,34816
Nord,2002,routes_pistes_km,1584,78.5,92564
Nord,2002,ponts,45,44.6,1049
Nord,2002,centres_electriques,8,73.3,538
Nord,2002,bornes_fontaine,159,70.2,4492
Nord,2002,ecoles_primaires,395,52.8,10727
Nord,2002,colleges,80,41.6,3142
Nord,2002,lycees,27,76.4,923
Nord,2002,hopitaux,12,83.2,408
Nord,2003,routes_bitumees_km,454,58.9,31119
Nord,2003,routes_pistes_km,1808,52.8,127722
Nord,2003,ponts,46,86.2,3848
Nord,2003,centres_electriques,9,44.0,407
Nord,2003,bornes_fontaine,175,71.7,5908
Nord,2003,ecoles_primaires,476,48.1,25455
Nord,2003,colleges,84,65.3,3956
Nord,2003,lycees,25,82.8,2391
Nord,2003,hopitaux,13,56.0,976
Nord,2004,routes_bitumees_km,451,80.1,25301
Nord,2004,routes_pistes_km,1842,60.6,84062
Nord,2004,ponts,46,80.4,3852
Nord,2004,centres_electriques,8,59.8,696
Nord,2004,bornes_fontaine,176,63.2,15531
Nord,2004,ecoles_primaires,491,60.1,24771
Nord,2004,colleges,89,54.4,8687
Nord,2004,lycees,28,50.9,363
Nord,2004,hopitaux,14,73.4,1333
Nord,2005,routes_bitumees_km,419,42.6,36803
Nord,2005,routes_pistes_km,1723,59.1,141383
Nord,2005,ponts,50,60.1,2506
Nord,2005,centres_electriques,9,86.4,547
Nord,2005,bornes_fontaine,170,69.2,11722
Nord,2005,ecoles_primaires,416,65.3,22178
Nord,2005,colleges,89,86.4,6940
Nord,2005,lycees,26,62.2,2026
Nord,2005,hopitaux,12,85.9,890
Nord,2006,routes_bitumees_km,512,60.2,18776
Nord,2006,routes_pistes_km,1809,58.8,41387
Nord,2006,ponts,47,89.6,3578
Nord,2006,centres_electriques,8,77.5,134
Nord,2006,bornes_fontaine,174,52.1,11446
Nord,2006,ecoles_primaires,440,41.8,36696
Nord,2006,colleges,98,67.7,2787
Nord,2006,lycees,25,64.1,1896
Nord,2006,hopitaux,12,61.6,580
Nord,2007,routes_bitumees_km,498,62.1,47548
Nord,2007,routes_pistes_km,1932,69.9,180956
Nord,2007,ponts,45,49.8,3483
Nord,2007,centres_electriques,10,75.3,737
Nord,2007,bornes_fontaine,208,83.5,19612
Nord,2007,ecoles_primaires,447,42.7,16579
Nord,2007,colleges,96,55.4,6478
Nord,2007,lycees,28,70.3,339
Nord,2007,hopitaux,13,67.8,384
Nord,2008,routes_bitumees_km,513,82.7,16959
Nord,2008,routes_pistes_km,1974,55.3,139329
Nord,2008,ponts,53,85.5,3812
Nord,2008,centres_electriques,10,67.0,404
Nord,2008,bornes_fontaine,182,45.6,6831
Nord,2008,ecoles_primaires,458,45.9,36748
Nord,2008,colleges,97,45.5,5935
Nord,2008,lycees,31,78.6,2765
Nord,2008,hopitaux,13,48.2,305
Nord,2009,routes_bitumees_km,534,86.9,26810
Nord,2009,routes_pistes_km,2172,47.8,190708
Nord,2009,ponts,50,46.9,4311
Nord,2009,centres_electriques,10,62.8,531
Nord,2009,bornes_fontaine,198,62.2,2818
Nord,2009,ecoles_primaires,544,40.7,23380
Nord,2009,colleges,110,83.7,4904
Nord,2009,lycees,28,45.4,506
Nord,2009,hopitaux,16,47.0,1553
Nord,2010,routes_bitumees_km,481,83.2,19603
Nord,2010,routes_pistes_km,2220,76.5,168558
Nord,2010,ponts,50,79.7,4835
Nord,2010,centres_electriques,10,88.8,790
Nord,2010,bornes_fontaine,198,58.5,6215
Nord,2010,ecoles_primaires,523,49.0,42627
Nord,2010,colleges,96,78.6,6840
Nord,2010,lycees,34,85.5,424
Nord,2010,hopitaux,14,70.3,702
Nord,2011,routes_bitumees_km,500,82.7,38914
Nord,2011,routes_pistes_km,2213,79.2,111408
Nord,2011,ponts,49,75.8,1484
Nord,2011,centres_electriques,9,68.0,646
Nord,2011,bornes_fontaine,216,64.4,9939
Nord,2011,ecoles_primaires,530,77.2,21986
Nord,2011,colleges,112,87.4,2318
Nord,2011,lycees,32,55.4,945
Nord,2011,hopitaux,14,50.7,383
Nord,2012,routes_bitumees_km,548,45.9,32026
Nord,2012,routes_pistes_km,2281,49.8,98516
Nord,2012,ponts,51,65.5,2159
Nord,2012,centres_electriques,10,84.8,377
Nord,2012,bornes_fontaine,235,88.9,20592
Nord,2012,ecoles_primaires,595,83.2,47945
Nord,2012,colleges,109,67.3,7578
Nord,2012,lycees,34,43.8,3127
Nord,2012,hopitaux,16,62.7,268
Nord,2013,routes_bitumees_km,606,41.1,52775
Nord,2013,routes_pistes_km,2367,87.4,117628
Nord,2013,ponts,59,64.3,4253
Nord,2013,centres_electriques,11,75.1,403
Nord,2013,bornes_fontaine,238,86.7,17233
Nord,2013,ecoles_primaires,502,86.9,15197
Nord,2013,colleges,107,77.4,7697
Nord,2013,lycees,34,45.9,2401
Nord,2013,hopitaux,18,47.3,748
Nord,2014,routes_bitumees_km,514,85.7,42987
Nord,2014,routes_pistes_km,2345,88.6,88547
Nord,2014,ponts,56,65.7,2159
Nord,2014,centres_electriques,11,63.9,369
Nord,2014,bornes_fontaine,207,60.4,20195
Nord,2014,ecoles_primaires,525,89.5,34396
Nord,2014,colleges,109,82.2,6460
Nord,2014,lycees,36,65.8,2845
Nord,2014,hopitaux,17,53.1,1462
Nord,2015,routes_bitumees_km,543,64.0,31906
Nord,2015,routes_pistes_km,2396,81.9,165137
Nord,2015,ponts,62,52.4,3794
Nord,2015,centres_electriques,12,41.3,433
Nord,2015,bornes_fontaine,230,56.6,6036
Nord,2015,ecoles_primaires,548,63.8,13521
Nord,2015,colleges,115,89.1,8340
Nord,2015,lycees,36,79.4,2598
Nord,2015,hopitaux,18,83.7,1038
Nord,2016,routes_bitumees_km,588,40.9,11998
Nord,2016,routes_pistes_km,2264,88.8,209528
Nord,2016,ponts,53,78.8,4852
Nord,2016,centres_electriques,11,45.1,210
Nord,2016,bornes_fontaine,217,45.8,20597
Nord,2016,ecoles_primaires,548,42.8,15471
Nord,2016,colleges,126,60.0,5728
Nord,2016,lycees,33,49.8,3119
Nord,2016,hopitaux,17,58.7,241
Nord,2017,routes_bitumees_km,643,61.8,47110
Nord,2017,routes_pistes_km,2269,65.6,33364
Nord,2017,ponts,60,86.8,903
Nord,2017,centres_electriques,12,41.0,1171
Nord,2017,bornes_fontaine,221,78.9,19539
Nord,2017,ecoles_primaires,568,52.2,20341
Nord,2017,colleges,114,64.3,7535
Nord,2017,lycees,36,82.7,2131
Nord,2017,hopitaux,16,80.3,1178
Nord,2018,routes_bitumees_km,619,79.1,35828
Nord,2018,routes_pistes_km,2662,64.4,159429
Nord,2018,ponts,56,50.7,2399
Nord,2018,centres_electriques,11,58.3,150
Nord,2018,bornes_fontaine,248,55.2,22222
Nord,2018,ecoles_primaires,667,68.5,43592
Nord,2018,colleges,125,85.3,7971
Nord,2018,lycees,35,85.2,1269
Nord,2018,hopitaux,16,59.3,897
Nord,2019,routes_bitumees_km,587,62.4,47512
Nord,2019,routes_pistes_km,2276,64.4,88812
Nord,2019,ponts,66,76.5,1842
Nord,2019,centres_electriques,13,45.8,557
Nord,2019,bornes_fontaine,234,69.0,17288
Nord,2019,ecoles_primaires,660,48.7,45426
Nord,2019,colleges,124,78.1,7064
Nord,2019,lycees,34,89.1,2388
Nord,2019,hopitaux,19,89.8,1000
Nord,2020,routes_bitumees_km,617,74.5,24459
Nord,2020,routes_pistes_km,2469,60.9,184983
Nord,2020,ponts,66,54.2,2622
Nord,2020,centres_electriques,13,62.3,217
Nord,2020,bornes_fontaine,257,44.9,21492
Nord,2020,ecoles_primaires,598,58.0,15760
Nord,2020,colleges,115,47.8,6987
Nord,2020,lycees,38,66.5,2639
Nord,2020,hopitaux,18,66.3,618
Nord,2021,routes_bitumees_km,590,78.2,49703
Nord,2021,routes_pistes_km,2445,85.0,149837
Nord,2021,ponts,59,40.2,3691
Nord,2021,centres_electriques,13,63.1,995
Nord,2021,bornes_fontaine,249,41.9,14116
Nord,2021,ecoles_primaires,604,49.3,34269
Nord,2021,colleges,139,43.0,13288
Nord,2021,lycees,40,71.1,3208
Nord,2021,hopitaux,20,45.2,1703
Nord,2022,routes_bitumees_km,661,81.5,37869
Nord,2022,routes_pistes_km,2701,53.2,80694
Nord,2022,ponts,65,71.2,654
Nord,2022,centres_electriques,14,84.5,863
Nord,2022,bornes_fontaine,250,70.5,24227
Nord,2022,ecoles_primaires,604,53.3,8170
Nord,2022,colleges,127,62.0,6114
Nord,2022,lycees,39,42.1,3479
Nord,2022,hopitaux,20,49.6,858
Nord,2023,routes_bitumees_km,688,55.3,11994
Nord,2023,routes_pistes_km,2885,67.8,160802
Nord,2023,ponts,64,72.5,4295
Nord,2023,centres_electriques,13,82.5,565
Nord,2023,bornes_fontaine,280,77.0,9986
Nord,2023,ecoles_primaires,651,68.1,10585
Nord,2023,colleges,144,64.1,6766
Nord,2023,lycees,43,79.9,3587
Nord,2023,hopitaux,19,70.8,229
Nord-Ouest,2000,routes_bitumees_km,493,84.1,7406
Nord-Ouest,2000,routes_pistes_km,2013,65.7,198852
Nord-Ouest,2000,ponts,51,66.5,4509
Nord-Ouest,2000,centres_electriques,10,54.0,277
Nord-Ouest,2000,bornes_fontaine,219,65.5,8842
Nord-Ouest,2000,ecoles_primaires,518,43.0,7021
Nord-Ouest,2000,colleges,101,43.3,3724
Nord-Ouest,2000,lycees,28,49.5,2123
Nord-Ouest,2000,hopitaux,15,64.2,636
Nord-Ouest,2001,routes_bitumees_km,493,66.9,46257
Nord-Ouest,2001,routes_pistes_km,2041,41.2,110542
Nord-Ouest,2001,ponts,53,77.1,732
Nord-Ouest,2001,centres_electriques,10,70.8,909
Nord-Ouest,2001,bornes_fontaine,186,65.8,8643
Nord-Ouest,2001,ecoles_primaires,537,68.5,18258
Nord-Ouest,2001,colleges,93,83.3,4757
Nord-Ouest,2001,lycees,30,63.5,2771
Nord-Ouest,2001,hopitaux,15,82.5,1030
Nord-Ouest,2002,routes_bitumees_km,565,79.5,24954
Nord-Ouest,2002,routes_pistes_km,2005,44.3,115121
Nord-Ouest,2002,ponts,54,59.4,2812
Nord-Ouest,2002,centres_electriques,11,56.8,910
Nord-Ouest,2002,bornes_fontaine,216,77.1,4554
Nord-Ouest,2002,ecoles_primaires,504,67.3,43599
Nord-Ouest,2002,colleges,99,81.7,3056
Nord-Ouest,2002,lycees,29,51.1,748
Nord-Ouest,2002,hopitaux,14,41.6,1294
Nord-Ouest,2003,routes_bitumees_km,530,44.3,10172
Nord-Ouest,2003,routes_pistes_km,2046,54.4,187673
Nord-Ouest,2003,ponts,57,56.2,4680
Nord-Ouest,2003,centres_electriques,10,76.0,159
Nord-Ouest,2003,bornes_fontaine,225,59.7,20907
Nord-Ouest,2003,ecoles_primaires,491,60.3,13198
Nord-Ouest,2003,colleges,106,44.0,4436
Nord-Ouest,2003,lycees,33,44.8,1116
Nord-Ouest,2003,hopitaux,17,50.1,695
Nord-Ouest,2004,routes_bitumees_km,515,48.9,23150
Nord-Ouest,2004,routes_pistes_km,2228,80.9,28046
Nord-Ouest,2004,ponts,59,41.4,3091
Nord-Ouest,2004,centres_electriques,12,72.8,593
Nord-Ouest,2004,bornes_fontaine,233,44.5,4003
Nord-Ouest,2004,ecoles_primaires,598,66.4,39250
Nord-Ouest,2004,colleges,122,40.0,11524
Nord-Ouest,2004,lycees,32,82.5,1643
Nord-Ouest,2004,hopitaux,17,81.2,1409
Nord-Ouest,2005,routes_bitumees_km,575,55.7,48142
Nord-Ouest,2005,routes_pistes_km,2452,90.0,221504
Nord-Ouest,2005,ponts,62,52.6,675
Nord-Ouest,2005,centres_electriques,12,50.3,1160
Nord-Ouest,2005,bornes_fontaine,243,58.0,15422
Nord-Ouest,2005,ecoles_primaires,622,86.0,53348
Nord-Ouest,2005,colleges,117,72.1,3278
Nord-Ouest,2005,lycees,37,75.2,3670
Nord-Ouest,2005,hopitaux,18,66.4,1296
Nord-Ouest,2006,routes_bitumees_km,547,79.6,37282
Nord-Ouest,2006,routes_pistes_km,2148,73.2,75521
Nord-Ouest,2006,ponts,63,72.9,5876
Nord-Ouest,2006,centres_electriques,11,73.0,142
Nord-Ouest,2006,bornes_fontaine,245,62.1,3569
Nord-Ouest,2006,ecoles_primaires,570,71.3,54741
Nord-Ouest,2006,colleges,109,46.2,3334
Nord-Ouest,2006,lycees,37,54.8,1437
Nord-Ouest,2006,hopitaux,19,65.9,1150
Nord-Ouest,2007,routes_bitumees_km,603,57.3,56671
Nord-Ouest,2007,routes_pistes_km,2435,42.7,56800
Nord-Ouest,2007,ponts,60,59.6,4535
Nord-Ouest,2007,centres_electriques,13,57.6,1254
Nord-Ouest,2007,bornes_fontaine,246,82.7,12919
Nord-Ouest,2007,ecoles_primaires,548,52.3,25867
Nord-Ouest,2007,colleges,118,73.7,7912
Nord-Ouest,2007,lycees,37,78.0,3323
Nord-Ouest,2007,hopitaux,17,80.6,712
Nord-Ouest,2008,routes_bitumees_km,652,83.4,10501
Nord-Ouest,2008,routes_pistes_km,2307,73.9,120091
Nord-Ouest,2008,ponts,57,48.4,2828
Nord-Ouest,2008,centres_electriques,11,87.7,1068
Nord-Ouest,2008,bornes_fontaine,233,72.3,3712
Nord-Ouest,2008,ecoles_primaires,614,72.4,18825
Nord-Ouest,2008,colleges,129,84.9,8313
Nord-Ouest,2008,lycees,39,42.6,1721
Nord-Ouest,2008,hopitaux,19,72.7,1681
Nord-Ouest,2009,routes_bitumees_km,629,56.7,47015
Nord-Ouest,2009,routes_pistes_km,2639,66.4,42272
Nord-Ouest,2009,ponts,59,44.7,3260
Nord-Ouest,2009,centres_electriques,12,63.4,167
Nord-Ouest,2009,bornes_fontaine,251,41.0,3836
Nord-Ouest,2009,ecoles_primaires,633,57.7,59706
Nord-Ouest,2009,colleges,132,84.5,6636
Nord-Ouest,2009,lycees,40,58.0,3544
Nord-Ouest,2009,hopitaux,19,90.0,1268
Nord-Ouest,2010,routes_bitumees_km,664,61.0,35369
Nord-Ouest,2010,routes_pistes_km,2408,44.2,58885
Nord-Ouest,2010,ponts,64,53.3,4507
Nord-Ouest,2010,centres_electriques,14,50.8,1173
Nord-Ouest,2010,bornes_fontaine,240,73.4,20374
Nord-Ouest,2010,ecoles_primaires,612,74.2,31199
Nord-Ouest,2010,colleges,118,65.1,9338
Nord-Ouest,2010,lycees,37,64.5,2924
Nord-Ouest,2010,hopitaux,19,80.0,1878
Nord-Ouest,2011,routes_bitumees_km,683,71.9,32371
Nord-Ouest,2011,routes_pistes_km,2649,64.1,53321
Nord-Ouest,2011,ponts,61,71.1,4841
Nord-Ouest,2011,centres_electriques,13,51.3,550
Nord-Ouest,2011,bornes_fontaine,276,74.0,15609
Nord-Ouest,2011,ecoles_primaires,614,42.5,29233
Nord-Ouest,2011,colleges,144,42.4,6863
Nord-Ouest,2011,lycees,36,46.1,2876
Nord-Ouest,2011,hopitaux,19,78.1,1119
Nord-Ouest,2012,routes_bitumees_km,680,52.0,54956
Nord-Ouest,2012,routes_pistes_km,2616,85.0,114710
Nord-Ouest,2012,ponts,68,71.9,5366
Nord-Ouest,2012,centres_electriques,12,55.3,767
Nord-Ouest,2012,bornes_fontaine,253,78.2,25167
Nord-Ouest,2012,ecoles_primaires,659,88.4,18240
Nord-Ouest,2012,colleges,124,45.8,6210
Nord-Ouest,2012,lycees,42,81.2,716
Nord-Ouest,2012,hopitaux,22,53.6,1645
Nord-Ouest,2013,routes_bitumees_km,701,61.7,15695
Nord-Ouest,2013,routes_pistes_km,2747,70.1,209503
Nord-Ouest,2013,ponts,70,41.4,3861
Nord-Ouest,2013,centres_electriques,12,78.6,479
Nord-Ouest,2013,bornes_fontaine,283,46.0,6942
Nord-Ouest,2013,ecoles_primaires,687,46.8,24861
Nord-Ouest,2013,colleges,144,41.3,3196
Nord-Ouest,2013,lycees,43,41.0,2158
Nord-Ouest,2013,hopitaux,20,40.8,1136
Nord-Ouest,2014,routes_bitumees_km,702,54.7,12588
Nord-Ouest,2014,routes_pistes_km,3071,73.7,164038
Nord-Ouest,2014,ponts,71,66.2,5908
Nord-Ouest,2014,centres_electriques,13,45.0,765
Nord-Ouest,2014,bornes_fontaine,305,47.4,18713
Nord-Ouest,2014,ecoles_primaires,735,59.9,66269
Nord-Ouest,2014,colleges,130,81.3,7428
Nord-Ouest,2014,lycees,44,64.3,699
Nord-Ouest,2014,hopitaux,21,70.6,1074
Nord-Ouest,2015,routes_bitumees_km,684,65.6,65055
Nord-Ouest,2015,routes_pistes_km,2753,86.5,113468
Nord-Ouest,2015,ponts,65,41.9,1840
Nord-Ouest,2015,centres_electriques,13,62.0,1208
Nord-Ouest,2015,bornes_fontaine,270,55.3,24820
Nord-Ouest,2015,ecoles_primaires,768,59.3,43479
Nord-Ouest,2015,colleges,138,48.8,1874
Nord-Ouest,2015,lycees,43,63.2,1079
Nord-Ouest,2015,hopitaux,21,61.2,976
Nord-Ouest,2016,routes_bitumees_km,775,54.2,55333
Nord-Ouest,2016,routes_pistes_km,2796,46.8,184160
Nord-Ouest,2016,ponts,78,76.5,1867
Nord-Ouest,2016,centres_electriques,14,75.3,690
Nord-Ouest,2016,bornes_fontaine,275,86.0,25937
Nord-Ouest,2016,ecoles_primaires,758,53.9,18269
Nord-Ouest,2016,colleges,155,74.8,9895
Nord-Ouest,2016,lycees,47,59.8,4010
Nord-Ouest,2016,hopitaux,23,45.1,315
Nord-Ouest,2017,routes_bitumees_km,746,41.0,22360
Nord-Ouest,2017,routes_pistes_km,3233,75.2,115740
Nord-Ouest,2017,ponts,75,61.0,4537
Nord-Ouest,2017,centres_electriques,15,72.8,729
Nord-Ouest,2017,bornes_fontaine,283,67.1,22719
Nord-Ouest,2017,ecoles_primaires,731,60.0,68181
Nord-Ouest,2017,colleges,141,85.9,12801
Nord-Ouest,2017,lycees,45,63.8,949
Nord-Ouest,2017,hopitaux,22,47.5,2190
Nord-Ouest,2018,routes_bitumees_km,803,54.2,52924
Nord-Ouest,2018,routes_pistes_km,3020,52.5,202612
Nord-Ouest,2018,ponts,81,64.2,1647
Nord-Ouest,2018,centres_electriques,14,61.6,964
Nord-Ouest,2018,bornes_fontaine,325,69.7,5407
Nord-Ouest,2018,ecoles_primaires,777,82.5,74581
Nord-Ouest,2018,colleges,148,77.3,6712
Nord-Ouest,2018,lycees,42,40.2,2145
Nord-Ouest,2018,hopitaux,22,69.4,1167
Nord-Ouest,2019,routes_bitumees_km,853,50.5,59841
Nord-Ouest,2019,routes_pistes_km,3251,41.5,55134
Nord-Ouest,2019,ponts,76,71.8,3231
Nord-Ouest,2019,centres_electriques,17,86.2,910
Nord-Ouest,2019,bornes_fontaine,343,68.9,8097
Nord-Ouest,2019,ecoles_primaires,803,74.1,49943
Nord-Ouest,2019,colleges,144,64.6,12851
Nord-Ouest,2019,lycees,48,71.7,3183
Nord-Ouest,2019,hopitaux,25,83.0,1477
Nord-Ouest,2020,routes_bitumees_km,835,52.9,58119
Nord-Ouest,2020,routes_pistes_km,3431,69.7,114131
Nord-Ouest,2020,ponts,84,87.1,5514
Nord-Ouest,2020,centres_electriques,15,65.2,601
Nord-Ouest,2020,bornes_fontaine,349,41.6,21546
Nord-Ouest,2020,ecoles_primaires,772,55.4,20939
Nord-Ouest,2020,colleges,154,85.7,10646
Nord-Ouest,2020,lycees,50,84.7,2594
Nord-Ouest,2020,hopitaux,23,52.2,1987
Nord-Ouest,2021,routes_bitumees_km,784,85.1,63573
Nord-Ouest,2021,routes_pistes_km,3563,74.1,201002
Nord-Ouest,2021,ponts,86,79.0,2545
Nord-Ouest,2021,centres_electriques,16,62.7,274
Nord-Ouest,2021,bornes_fontaine,334,42.0,19810
Nord-Ouest,2021,ecoles_primaires,783,76.0,31184
Nord-Ouest,2021,colleges,161,72.1,3549
Nord-Ouest,2021,lycees,48,67.9,2438
Nord-Ouest,2021,hopitaux,23,83.8,1844
Nord-Ouest,2022,routes_bitumees_km,761,82.9,58957
Nord-Ouest,2022,routes_pistes_km,3650,89.8,117204
Nord-Ouest,2022,ponts,75,79.8,5462
Nord-Ouest,2022,centres_electriques,17,49.2,1679
Nord-Ouest,2022,bornes_fontaine,348,68.8,3638
Nord-Ouest,2022,ecoles_primaires,860,55.1,28478
Nord-Ouest,2022,colleges,178,74.7,11210
Nord-Ouest,2022,lycees,46,41.0,1726
Nord-Ouest,2022,hopitaux,23,60.9,1107
Nord-Ouest,2023,routes_bitumees_km,845,58.9,73677
Nord-Ouest,2023,routes_pistes_km,3158,50.1,136859
Nord-Ouest,2023,ponts,85,88.1,6267
Nord-Ouest,2023,centres_electriques,17,66.9,931
Nord-Ouest,2023,bornes_fontaine,343,88.4,34029
Nord-Ouest,2023,ecoles_primaires,904,51.2,80460
Nord-Ouest,2023,colleges,160,80.7,4071
Nord-Ouest,2023,lycees,48,66.1,2853
Nord-Ouest,2023,hopitaux,24,63.7,610
Ouest,2000,routes_bitumees_km,516,63.7,6971
Ouest,2000,routes_pistes_km,2061,81.5,90722
Ouest,2000,ponts,51,81.5,2441
Ouest,2000,centres_electriques,10,63.4,876
Ouest,2000,bornes_fontaine,196,89.8,1995
Ouest,2000,ecoles_primaires,533,72.8,10966
Ouest,2000,colleges,103,54.5,4070
Ouest,2000,lycees,32,84.4,2144
Ouest,2000,hopitaux,15,87.9,1269
Ouest,2001,routes_bitumees_km,519,54.1,14743
Ouest,2001,routes_pistes_km,2100,44.9,151142
Ouest,2001,ponts,56,78.9,3775
Ouest,2001,centres_electriques,10,75.0,394
Ouest,2001,bornes_fontaine,201,59.3,2489
Ouest,2001,ecoles_primaires,545,70.7,13182
Ouest,2001,colleges,93,79.5,6856
Ouest,2001,lycees,30,88.0,1499
Ouest,2001,hopitaux,15,86.1,1470
Ouest,2002,routes_bitumees_km,493,44.7,46208
Ouest,2002,routes_pistes_km,1922,89.4,150024
Ouest,2002,ponts,54,54.1,3664
Ouest,2002,centres_electriques,11,78.5,794
Ouest,2002,bornes_fontaine,226,68.5,13229
Ouest,2002,ecoles_primaires,532,89.8,24235
Ouest,2002,colleges,109,61.7,1864
Ouest,2002,lycees,32,74.7,2598
Ouest,2002,hopitaux,15,50.6,432
Ouest,2003,routes_bitumees_km,533,69.6,48936
Ouest,2003,routes_pistes_km,2328,76.5,213298
Ouest,2003,ponts,53,72.0,2182
Ouest,2003,centres_electriques,10,46.9,108
Ouest,2003,bornes_fontaine,232,42.4,14946
Ouest,2003,ecoles_primaires,571,49.7,17456
Ouest,2003,colleges,118,74.8,4941
Ouest,2003,lycees,32,83.8,984
Ouest,2003,hopitaux,15,62.9,1340
Ouest,2004,routes_bitumees_km,512,59.7,21373
Ouest,2004,routes_pistes_km,2173,89.4,94683
Ouest,2004,ponts,53,63.5,5053
Ouest,2004,centres_electriques,10,65.7,450
Ouest,2004,bornes_fontaine,230,57.4,6442
Ouest,2004,ecoles_primaires,510,85.4,35855
Ouest,2004,colleges,107,48.6,2432
Ouest,2004,lycees,30,56.2,2390
Ouest,2004,hopitaux,15,55.2,1259
Ouest,2005,routes_bitumees_km,626,79.6,36080
Ouest,2005,routes_pistes_km,2216,48.3,51514
Ouest,2005,ponts,52,45.8,658
Ouest,2005,centres_electriques,11,46.9,823
Ouest,2005,bornes_fontaine,251,62.3,18581
Ouest,2005,ecoles_primaires,562,58.1,15205
Ouest,2005,colleges,124,88.8,12306
Ouest,2005,lycees,33,70.7,2240
Ouest,2005,hopitaux,15,84.3,1320
Ouest,2006,routes_bitumees_km,563,81.8,40705
Ouest,2006,routes_pistes_km,2370,69.0,196906
Ouest,2006,ponts,59,74.9,3764
Ouest,2006,centres_electriques,11,80.2,886
Ouest,2006,bornes_fontaine,243,86.8,15044
Ouest,2006,ecoles_primaires,648,51.4,47033
Ouest,2006,colleges,128,57.6,7532
Ouest,2006,lycees,32,45.3,743
Ouest,2006,hopitaux,18,80.0,1253
Ouest,2007,routes_bitumees_km,661,74.7,54746
Ouest,2007,routes_pistes_km,2255,86.7,219668
Ouest,2007,ponts,56,68.0,3465
Ouest,2007,centres_electriques,13,60.9,1178
Ouest,2007,bornes_fontaine,263,62.9,10093
Ouest,2007,ecoles_primaires,576,60.3,24091
Ouest,2007,colleges,108,41.1,8420
Ouest,2007,lycees,34,51.3,969
Ouest,2007,hopitaux,19,87.9,1274
Ouest,2008,routes_bitumees_km,602,45.7,37440
Ouest,2008,routes_pistes_km,2547,47.7,251810
Ouest,2008,ponts,59,79.9,2943
Ouest,2008,centres_electriques,13,64.1,173
Ouest,2008,bornes_fontaine,268,61.0,16801
Ouest,2008,ecoles_primaires,650,60.2,56346
Ouest,2008,colleges,124,41.9,7961
Ouest,2008,lycees,35,56.5,364
Ouest,2008,hopitaux,17,77.7,1057
Ouest,2009,routes_bitumees_km,575,50.8,49121
Ouest,2009,routes_pistes_km,2370,73.9,182993
Ouest,2009,ponts,58,77.9,4374
Ouest,2009,centres_electriques,13,51.5,391
Ouest,2009,bornes_fontaine,273,77.2,18329
Ouest,2009,ecoles_primaires,651,48.3,47790
Ouest,2009,colleges,138,62.5,11858
Ouest,2009,lycees,38,86.1,2708
Ouest,2009,hopitaux,19,45.7,494
Ouest,2010,routes_bitumees_km,713,73.6,16503
Ouest,2010,routes_pistes_km,2658,53.0,56486
Ouest,2010,ponts,58,81.2,718
Ouest,2010,centres_electriques,11,43.3,191
Ouest,2010,bornes_fontaine,252,59.9,24947
Ouest,2010,ecoles_primaires,633,44.0,13582
Ouest,2010,colleges,137,85.5,8262
Ouest,2010,lycees,39,53.8,504
Ouest,2010,hopitaux,18,77.5,1267
Ouest,2011,routes_bitumees_km,607,69.3,9866
Ouest,2011,routes_pistes_km,2514,54.7,177491
Ouest,2011,ponts,61,40.9,3952
Ouest,2011,centres_electriques,12,88.4,213
Ouest,2011,bornes_fontaine,252,51.3,18948
Ouest,2011,ecoles_primaires,698,42.0,64900
Ouest,2011,colleges,120,87.6,6285
Ouest,2011,lycees,41,40.4,2087
Ouest,2011,hopitaux,21,71.4,1908
Ouest,2012,routes_bitumees_km,699,56.7,56578
Ouest,2012,routes_pistes_km,2544,44.9,221823
Ouest,2012,ponts,69,76.6,711
Ouest,2012,centres_electriques,14,66.6,615
Ouest,2012,bornes_fontaine,248,65.6,5612
Ouest,2012,ecoles_primaires,741,85.6,29784
Ouest,2012,colleges,137,52.8,4919
Ouest,2012,lycees,43,56.3,1250
Ouest,2012,hopitaux,19,79.3,1843
Ouest,2013,routes_bitumees_km,625,46.7,60598
Ouest,2013,routes_pistes_km,2643,79.6,129650
Ouest,2013,ponts,66,59.2,4371
Ouest,2013,centres_electriques,13,59.4,405
Ouest,2013,bornes_fontaine,289,46.7,4799
Ouest,2013,ecoles_primaires,754,77.4,29237
Ouest,2013,colleges,142,47.7,9151
Ouest,2013,lycees,39,57.5,3077
Ouest,2013,hopitaux,19,43.5,1614
Ouest,2014,routes_bitumees_km,685,85.0,54326
Ouest,2014,routes_pistes_km,3033,44.8,273854
Ouest,2014,ponts,69,87.8,2721
Ouest,2014,centres_electriques,14,50.6,542
Ouest,2014,bornes_fontaine,267,62.4,17844
Ouest,2014,ecoles_primaires,747,63.9,42769
Ouest,2014,colleges,137,64.8,2503
Ouest,2014,lycees,39,65.8,3801
Ouest,2014,hopitaux,20,71.8,764
Ouest,2015,routes_bitumees_km,721,59.1,17084
Ouest,2015,routes_pistes_km,3081,89.3,59848
Ouest,2015,ponts,67,40.7,3565
Ouest,2015,centres_electriques,15,52.4,311
Ouest,2015,bornes_fontaine,277,56.2,8932
Ouest,2015,ecoles_primaires,653,52.7,46035
Ouest,2015,colleges,142,85.4,5736
Ouest,2015,lycees,45,71.3,2679
Ouest,2015,hopitaux,21,75.0,796
Ouest,2016,routes_bitumees_km,761,70.9,24070
Ouest,2016,routes_pistes_km,2687,48.2,246575
Ouest,2016,ponts,67,83.2,3472
Ouest,2016,centres_electriques,14,58.6,228
Ouest,2016,bornes_fontaine,310,80.1,12666
Ouest,2016,ecoles_primaires,780,50.7,41484
Ouest,2016,colleges,148,64.1,12933
Ouest,2016,lycees,41,87.5,2334
Ouest,2016,hopitaux,22,65.6,924
Ouest,2017,routes_bitumees_km,749,85.0,68861
Ouest,2017,routes_pistes_km,3020,74.1,33495
Ouest,2017,ponts,81,58.6,4645
Ouest,2017,centres_electriques,14,63.6,1324
Ouest,2017,bornes_fontaine,281,83.3,13346
Ouest,2017,ecoles_primaires,745,62.1,24246
Ouest,2017,colleges,155,87.3,7477
Ouest,2017,lycees,46,68.4,1865
Ouest,2017,hopitaux,22,41.4,522
Ouest,2018,routes_bitumees_km,815,84.3,10984
Ouest,2018,routes_pistes_km,3215,66.4,256094
Ouest,2018,ponts,81,66.7,7117
Ouest,2018,centres_electriques,14,70.3,1305
Ouest,2018,bornes_fontaine,327,40.1,23512
Ouest,2018,ecoles_primaires,821,60.5,46816
Ouest,2018,colleges,148,70.6,13439
Ouest,2018,lycees,45,65.8,525
Ouest,2018,hopitaux,24,45.9,545
Ouest,2019,routes_bitumees_km,803,77.2,38006
Ouest,2019,routes_pistes_km,3086,56.1,162119
Ouest,2019,ponts,86,76.4,956
Ouest,2019,centres_electriques,17,56.9,525
Ouest,2019,bornes_fontaine,327,68.2,19202
Ouest,2019,ecoles_primaires,721,66.9,45488
Ouest,2019,colleges,145,52.5,6678
Ouest,2019,lycees,48,43.0,1739
Ouest,2019,hopitaux,23,46.6,2286
Ouest,2020,routes_bitumees_km,854,78.5,29072
Ouest,2020,routes_pistes_km,3337,76.7,293812
Ouest,2020,ponts,77,88.4,7272
Ouest,2020,centres_electriques,16,53.7,1236
Ouest,2020,bornes_fontaine,308,43.1,19242
Ouest,2020,ecoles_primaires,822,76.0,58448
Ouest,2020,colleges,144,59.0,11278
Ouest,2020,lycees,52,54.0,3847
Ouest,2020,hopitaux,23,64.3,1736
Ouest,2021,routes_bitumees_km,777,54.1,18513
Ouest,2021,routes_pistes_km,3113,89.6,40540
Ouest,2021,ponts,84,66.3,8050
Ouest,2021,centres_electriques,15,41.1,536
Ouest,2021,bornes_fontaine,310,59.2,4036
Ouest,2021,ecoles_primaires,736,42.6,46841
Ouest,2021,colleges,163,49.4,5290
Ouest,2021,lycees,50,83.6,1369
Ouest,2021,hopitaux,26,84.3,764
Ouest,2022,routes_bitumees_km,877,74.6,38138
Ouest,2022,routes_pistes_km,3309,64.2,87924
Ouest,2022,ponts,87,43.7,7595
Ouest,2022,centres_electriques,17,62.2,242
Ouest,2022,bornes_fontaine,355,45.5,11461
Ouest,2022,ecoles_primaires,829,72.4,32274
Ouest,2022,colleges,170,54.5,6118
Ouest,2022,lycees,48,53.2,4043
Ouest,2022,hopitaux,27,78.8,2046
Ouest,2023,routes_bitumees_km,839,54.0,70350
Ouest,2023,routes_pistes_km,3293,70.8,87878
Ouest,2023,ponts,87,84.9,6663
Ouest,2023,centres_electriques,16,47.0,1215
Ouest,2023,bornes_fontaine,350,88.5,11130
Ouest,2023,ecoles_primaires,828,58.6,78665
Ouest,2023,colleges,175,76.1,3351
Ouest,2023,lycees,47,61.3,4690
Ouest,2023,hopitaux,23,62.7,1017
Sud,2000,routes_bitumees_km,459,88.3,14442
Sud,2000,routes_pistes_km,2093,57.9,169231
Sud,2000,ponts,45,62.0,3446
Sud,2000,centres_electriques,9,72.6,162
Sud,2000,bornes_fontaine,206,57.4,15655
Sud,2000,ecoles_primaires,539,74.4,34591
Sud,2000,colleges,105,63.7,6145
Sud,2000,lycees,27,68.5,1916
Sud,2000,hopitaux,16,41.6,984
Sud,2001,routes_bitumees_km,518,69.0,18431
Sud,2001,routes_pistes_km,2179,51.0,119524
Sud,2001,ponts,48,56.5,660
Sud,2001,centres_electriques,9,78.8,878
Sud,2001,bornes_fontaine,197,44.0,2220
Sud,2001,ecoles_primaires,545,47.2,22356
Sud,2001,colleges,97,51.9,8063
Sud,2001,lycees,33,87.0,2714
Sud,2001,hopitaux,14,64.0,356
Sud,2002,routes_bitumees_km,498,77.6,17853
Sud,2002,routes_pistes_km,2022,77.2,96153
Sud,2002,ponts,53,57.2,2130
Sud,2002,centres_electriques,10,48.8,621
Sud,2002,bornes_fontaine,216,65.4,14496
Sud,2002,ecoles_primaires,548,42.4,10702
Sud,2002,colleges,116,66.6,7657
Sud,2002,lycees,34,42.5,374
Sud,2002,hopitaux,14,84.5,707
Sud,2003,routes_bitumees_km,514,80.8,26977
Sud,2003,routes_pistes_km,2246,51.1,76615
Sud,2003,ponts,58,43.7,5369
Sud,2003,centres_electriques,11,47.7,515
Sud,2003,bornes_fontaine,231,54.1,21212
Sud,2003,ecoles_primaires,513,70.2,15869
Sud,2003,colleges,117,65.9,7607
Sud,2003,lycees,35,82.9,2922
Sud,2003,hopitaux,16,53.4,1160
Sud,2004,routes_bitumees_km,560,67.9,37640
Sud,2004,routes_pistes_km,2379,44.2,58087
Sud,2004,ponts,51,52.6,2745
Sud,2004,centres_electriques,10,87.6,834
Sud,2004,bornes_fontaine,243,41.1,11225
Sud,2004,ecoles_primaires,602,84.4,13936
Sud,2004,colleges,114,67.6,3725
Sud,2004,lycees,35,46.2,3170
Sud,2004,hopitaux,18,50.2,985
Sud,2005,routes_bitumees_km,546,63.8,19135
Sud,2005,routes_pistes_km,2513,73.0,204318
Sud,2005,ponts,54,84.3,2227
Sud,2005,centres_electriques,11,55.9,150
Sud,2005,bornes_fontaine,229,44.2,20349
Sud,2005,ecoles_primaires,546,50.8,25304
Sud,2005,colleges,111,76.5,8795
Sud,2005,lycees,32,58.5,2288
Sud,2005,hopitaux,16,65.9,384
Sud,2006,routes_bitumees_km,603,67.2,16527
Sud,2006,routes_pistes_km,2565,65.2,32251
Sud,2006,ponts,53,72.9,4798
Sud,2006,centres_electriques,10,63.7,933
Sud,2006,bornes_fontaine,241,87.2,17336
Sud,2006,ecoles_primaires,584,54.7,27399
Sud,2006,colleges,111,85.2,11072
Sud,2006,lycees,32,74.4,491
Sud,2006,hopitaux,18,65.7,303
Sud,2007,routes_bitumees_km,601,60.6,58031
Sud,2007,routes_pistes_km,2189,65.3,190702
Sud,2007,ponts,63,59.2,4128
Sud,2007,centres_electriques,12,43.5,1135
Sud,2007,bornes_fontaine,231,53.1,14468
Sud,2007,ecoles_primaires,581,78.3,24699
Sud,2007,colleges,123,46.2,12032
Sud,2007,lycees,34,74.8,1548
Sud,2007,hopitaux,19,60.0,205
Sud,2008,routes_bitumees_km,681,41.4,45430
Sud,2008,routes_pistes_km,2563,52.8,231082
Sud,2008,ponts,56,65.2,4474
Sud,2008,centres_electriques,13,80.0,657
Sud,2008,bornes_fontaine,234,67.6,18216
Sud,2008,ecoles_primaires,626,56.3,59089
Sud,2008,colleges,125,51.0,3481
Sud,2008,lycees,37,55.0,2955
Sud,2008,hopitaux,17,77.1,577
Sud,2009,routes_bitumees_km,593,40.5,39662
Sud,2009,routes_pistes_km,2759,50.8,274795
Sud,2009,ponts,57,89.5,2235
Sud,2009,centres_electriques,12,70.7,334
Sud,2009,bornes_fontaine,266,76.9,6357
Sud,2009,ecoles_primaires,662,78.9,44126
Sud,2009,colleges,133,51.3,6572
Sud,2009,lycees,41,53.4,4081
Sud,2009,hopitaux,19,54.7,569
Sud,2010,routes_bitumees_km,639,77.3,22064
Sud,2010,routes_pistes_km,2536,53.0,232614
Sud,2010,ponts,61,43.7,3524
Sud,2010,centres_electriques,11,61.6,549
Sud,2010,bornes_fontaine,238,55.9,7833
Sud,2010,ecoles_primaires,608,40.7,37454
Sud,2010,colleges,128,85.2,10363
Sud,2010,lycees,35,89.2,2058
Sud,2010,hopitaux,20,73.6,1403
Sud,2011,routes_bitumees_km,609,88.6,23540
Sud,2011,routes_pistes_km,2456,63.7,102709
Sud,2011,ponts,69,85.2,6014
Sud,2011,centres_electriques,12,58.4,667
Sud,2011,bornes_fontaine,243,57.3,22617
Sud,2011,ecoles_primaires,608,65.2,46822
Sud,2011,colleges,130,40.1,8868
Sud,2011,lycees,38,81.9,2083
Sud,2011,hopitaux,18,47.5,1191
Sud,2012,routes_bitumees_km,633,68.6,51558
Sud,2012,routes_pistes_km,2492,86.7,59711
Sud,2012,ponts,65,40.2,4349
Sud,2012,centres_electriques,13,59.6,173
Sud,2012,bornes_fontaine,283,87.4,23961
Sud,2012,ecoles_primaires,693,72.8,55685
Sud,2012,colleges,130,63.3,3501
Sud,2012,lycees,38,50.4,1115
Sud,2012,hopitaux,20,53.0,1835
Sud,2013,routes_bitumees_km,734,40.6,9118
Sud,2013,routes_pistes_km,2760,85.8,236942
Sud,2013,ponts,72,79.4,1671
Sud,2013,centres_electriques,12,53.6,648
Sud,2013,bornes_fontaine,276,63.7,15810
Sud,2013,ecoles_primaires,719,64.4,71355
Sud,2013,colleges,132,63.0,8470
Sud,2013,lycees,42,84.9,526
Sud,2013,hopitaux,19,75.8,362
Sud,2014,routes_bitumees_km,770,59.1,35300
Sud,2014,routes_pistes_km,2606,55.7,135654
Sud,2014,ponts,67,68.3,1318
Sud,2014,centres_electriques,13,75.6,1121
Sud,2014,bornes_fontaine,269,73.0,20565
Sud,2014,ecoles_primaires,639,68.9,63507
Sud,2014,colleges,134,73.1,3396
Sud,2014,lycees,41,60.3,3798
Sud,2014,hopitaux,22,83.7,1800
Sud,2015,routes_bitumees_km,783,49.7,9839
Sud,2015,routes_pistes_km,3078,81.8,195070
Sud,2015,ponts,74,47.5,3780
Sud,2015,centres_electriques,15,74.4,1084
Sud,2015,bornes_fontaine,284,63.2,26494
Sud,2015,ecoles_primaires,771,83.8,73533
Sud,2015,colleges,151,89.1,11414
Sud,2015,lycees,44,51.4,2354
Sud,2015,hopitaux,20,60.5,1600
Sud,2016,routes_bitumees_km,760,74.4,26848
Sud,2016,routes_pistes_km,3226,80.8,145840
Sud,2016,ponts,69,53.1,4791
Sud,2016,centres_electriques,16,46.5,1153
Sud,2016,bornes_fontaine,282,83.0,9468
Sud,2016,ecoles_primaires,693,49.3,61058
Sud,2016,colleges,138,43.8,11075
Sud,2016,lycees,42,66.8,3704
Sud,2016,hopitaux,23,57.1,2142
Sud,2017,routes_bitumees_km,816,85.4,73482
Sud,2017,routes_pistes_km,2875,74.1,247905
Sud,2017,ponts,69,78.8,6896
Sud,2017,centres_electriques,15,71.5,1098
Sud,2017,bornes_fontaine,310,68.9,16998
Sud,2017,ecoles_primaires,730,56.5,58805
Sud,2017,colleges,143,62.2,8470
Sud,2017,lycees,48,57.5,565
Sud,2017,hopitaux,22,76.6,900
Sud,2018,routes_bitumees_km,714,79.1,67562
Sud,2018,routes_pistes_km,2985,58.6,82222
Sud,2018,ponts,74,41.0,7284
Sud,2018,centres_electriques,15,73.2,1241
Sud,2018,bornes_fontaine,288,45.1,8414
Sud,2018,ecoles_primaires,841,66.2,36925
Sud,2018,colleges,142,45.8,11753
Sud,2018,lycees,47,88.9,3664
Sud,2018,hopitaux,24,66.4,789
Sud,2019,routes_bitumees_km,779,69.0,12078
Sud,2019,routes_pistes_km,3010,65.9,208338
Sud,2019,ponts,71,86.3,2265
Sud,2019,centres_electriques,16,61.1,1114
Sud,2019,bornes_fontaine,335,67.0,4875
Sud,2019,ecoles_primaires,821,48.4,40855
Sud,2019,colleges,154,87.8,13405
Sud,2019,lycees,42,43.9,3622
Sud,2019,hopitaux,25,72.9,1986
Sud,2020,routes_bitumees_km,864,58.3,72563
Sud,2020,routes_pistes_km,3291,63.7,51514
Sud,2020,ponts,83,64.4,7063
Sud,2020,centres_electriques,14,53.2,861
Sud,2020,bornes_fontaine,306,87.2,23331
Sud,2020,ecoles_primaires,741,49.8,60400
Sud,2020,colleges,160,89.4,11526
Sud,2020,lycees,51,49.7,695
Sud,2020,hopitaux,26,85.0,2323
Sud,2021,routes_bitumees_km,834,46.0,41417
Sud,2021,routes_pistes_km,3370,56.0,286761
Sud,2021,ponts,88,40.3,6945
Sud,2021,centres_electriques,17,50.3,399
Sud,2021,bornes_fontaine,303,43.4,21892
Sud,2021,ecoles_primaires,758,83.6,48777
Sud,2021,colleges,147,58.7,13628
Sud,2021,lycees,51,78.7,846
Sud,2021,hopitaux,22,89.5,1357
Sud,2022,routes_bitumees_km,907,70.6,73517
Sud,2022,routes_pistes_km,3596,66.9,258670
Sud,2022,ponts,87,86.1,8057
Sud,2022,centres_electriques,17,84.1,449
Sud,2022,bornes_fontaine,316,40.7,31398
Sud,2022,ecoles_primaires,836,81.4,39168
Sud,2022,colleges,168,44.4,5171
Sud,2022,lycees,50,51.4,2618
Sud,2022,hopitaux,25,42.1,561
Sud,2023,routes_bitumees_km,923,63.3,89380
Sud,2023,routes_pistes_km,3377,65.6,86856
Sud,2023,ponts,90,88.3,6948
Sud,2023,centres_electriques,15,54.8,231
Sud,2023,bornes_fontaine,345,77.2,22891
Sud,2023,ecoles_primaires,787,89.5,23912
Sud,2023,colleges,163,78.5,9779
Sud,2023,lycees,55,57.3,5099
Sud,2023,hopitaux,24,86.0,540
Sud-Ouest,2000,routes_bitumees_km,508,72.7,44611
Sud-Ouest,2000,routes_pistes_km,2127,69.8,38627
Sud-Ouest,2000,ponts,53,47.4,4176
Sud-Ouest,2000,centres_electriques,10,63.7,348
Sud-Ouest,2000,bornes_fontaine,202,82.2,4597
Sud-Ouest,2000,ecoles_primaires,530,54.7,34306
Sud-Ouest,2000,colleges,94,85.4,9088
Sud-Ouest,2000,lycees,27,77.2,618
Sud-Ouest,2000,hopitaux,14,69.0,702
Sud-Ouest,2001,routes_bitumees_km,554,44.6,8093
Sud-Ouest,2001,routes_pistes_km,1934,72.7,31938
Sud-Ouest,2001,ponts,51,88.5,2895
Sud-Ouest,2001,centres_electriques,10,54.0,976
Sud-Ouest,2001,bornes_fontaine,186,88.3,17384
Sud-Ouest,2001,ecoles_primaires,518,61.2,49379
Sud-Ouest,2001,colleges,96,85.8,9517
Sud-Ouest,2001,lycees,29,80.4,2220
Sud-Ouest,2001,hopitaux,16,65.1,368
Sud-Ouest,2002,routes_bitumees_km,518,80.0,15696
Sud-Ouest,2002,routes_pistes_km,2164,68.1,80299
Sud-Ouest,2002,ponts,51,50.0,2437
Sud-Ouest,2002,centres_electriques,10,55.2,465
Sud-Ouest,2002,bornes_fontaine,221,66.2,13459
Sud-Ouest,2002,ecoles_primaires,574,72.1,43108
Sud-Ouest,2002,colleges,110,44.0,10165
Sud-Ouest,2002,lycees,31,69.5,646
Sud-Ouest,2002,hopitaux,15,46.3,820
Sud-Ouest,2003,routes_bitumees_km,562,67.3,6086
Sud-Ouest,2003,routes_pistes_km,2198,55.3,171654
Sud-Ouest,2003,ponts,53,58.6,4800
Sud-Ouest,2003,centres_electriques,11,58.7,804
Sud-Ouest,2003,bornes_fontaine,197,52.9,18492
Sud-Ouest,2003,ecoles_primaires,593,67.0,18136
Sud-Ouest,2003,colleges,116,61.8,2483
Sud-Ouest,2003,lycees,34,47.9,3162
Sud-Ouest,2003,hopitaux,17,76.0,1481
Sud-Ouest,2004,routes_bitumees_km,527,64.8,11562
Sud-Ouest,2004,routes_pistes_km,2094,64.9,72104
Sud-Ouest,2004,ponts,57,48.8,3556
Sud-Ouest,2004,centres_electriques,11,42.9,887
Sud-Ouest,2004,bornes_fontaine,236,88.6,15462
Sud-Ouest,2004,ecoles_primaires,512,59.9,30903
Sud-Ouest,2004,colleges,119,89.7,3145
Sud-Ouest,2004,lycees,30,68.3,1326
Sud-Ouest,2004,hopitaux,15,43.8,949
Sud-Ouest,2005,routes_bitumees_km,610,52.6,27318
Sud-Ouest,2005,routes_pistes_km,2498,64.2,169208
Sud-Ouest,2005,ponts,61,70.1,2685
Sud-Ouest,2005,centres_electriques,10,47.1,821
Sud-Ouest,2005,bornes_fontaine,239,87.0,9735
Sud-Ouest,2005,ecoles_primaires,532,51.0,52096
Sud-Ouest,2005,colleges,108,48.5,6649
Sud-Ouest,2005,lycees,34,63.7,2405
Sud-Ouest,2005,hopitaux,18,40.5,1237
Sud-Ouest,2006,routes_bitumees_km,543,86.7,46219
Sud-Ouest,2006,routes_pistes_km,2183,81.0,207199
Sud-Ouest,2006,ponts,64,63.8,1598
Sud-Ouest,2006,centres_electriques,12,79.9,239
Sud-Ouest,2006,bornes_fontaine,233,70.2,8175
Sud-Ouest,2006,ecoles_primaires,589,45.9,26331
Sud-Ouest,2006,colleges,121,62.2,10724
Sud-Ouest,2006,lycees,32,60.7,1965
Sud-Ouest,2006,hopitaux,16,75.5,505
Sud-Ouest,2007,routes_bitumees_km,641,49.4,31268
Sud-Ouest,2007,routes_pistes_km,2192,78.4,207878
Sud-Ouest,2007,ponts,60,79.1,3707
Sud-Ouest,2007,centres_electriques,12,77.6,120
Sud-Ouest,2007,bornes_fontaine,226,46.7,3054
Sud-Ouest,2007,ecoles_primaires,635,82.2,44629
Sud-Ouest,2007,colleges,120,54.7,9727
Sud-Ouest,2007,lycees,34,79.4,3314
Sud-Ouest,2007,hopitaux,18,71.7,971
Sud-Ouest,2008,routes_bitumees_km,626,48.6,16606
Sud-Ouest,2008,routes_pistes_km,2719,84.0,32362
Sud-Ouest,2008,ponts,56,80.4,5121
Sud-Ouest,2008,centres_electriques,11,65.3,150
Sud-Ouest,2008,bornes_fontaine,264,44.4,18190
Sud-Ouest,2008,ecoles_primaires,563,43.6,28660
Sud-Ouest,2008,colleges,128,64.1,3098
Sud-Ouest,2008,lycees,38,68.6,3046
Sud-Ouest,2008,hopitaux,17,66.9,793
Sud-Ouest,2009,routes_bitumees_km,616,59.7,38766
Sud-Ouest,2009,routes_pistes_km,2607,80.3,173383
Sud-Ouest,2009,ponts,58,46.1,4468
Sud-Ouest,2009,centres_electriques,12,59.3,1180
Sud-Ouest,2009,bornes_fontaine,245,70.7,23846
Sud-Ouest,2009,ecoles_primaires,689,80.3,27258
Sud-Ouest,2009,colleges,132,71.9,1928
Sud-Ouest,2009,lycees,35,85.8,739
Sud-Ouest,2009,hopitaux,17,41.6,380
Sud-Ouest,2010,routes_bitumees_km,693,62.9,67793
Sud-Ouest,2010,routes_pistes_km,2416,42.3,164218
Sud-Ouest,2010,ponts,68,42.7,2508
Sud-Ouest,2010,centres_electriques,13,81.8,287
Sud-Ouest,2010,bornes_fontaine,240,83.1,14924
Sud-Ouest,2010,ecoles_primaires,679,79.5,43841
Sud-Ouest,2010,colleges,123,72.3,10505
Sud-Ouest,2010,lycees,40,90.0,1134
Sud-Ouest,2010,hopitaux,20,76.6,1484
Sud-Ouest,2011,routes_bitumees_km,662,57.5,54442
Sud-Ouest,2011,routes_pistes_km,2787,83.5,237833
Sud-Ouest,2011,ponts,69,43.0,972
Sud-Ouest,2011,centres_electriques,14,63.4,479
Sud-Ouest,2011,bornes_fontaine,286,59.5,27305
Sud-Ouest,2011,ecoles_primaires,724,82.2,52128
Sud-Ouest,2011,colleges,123,45.5,2521
Sud-Ouest,2011,lycees,38,79.8,1072
Sud-Ouest,2011,hopitaux,20,80.6,812
Sud-Ouest,2012,routes_bitumees_km,688,81.5,66282
Sud-Ouest,2012,routes_pistes_km,2537,48.7,201878
Sud-Ouest,2012,ponts,69,59.5,5084
Sud-Ouest,2012,centres_electriques,14,56.0,1109
Sud-Ouest,2012,bornes_fontaine,252,65.2,13265
Sud-Ouest,2012,ecoles_primaires,668,50.5,14340
Sud-Ouest,2012,colleges,125,55.1,3386
Sud-Ouest,2012,lycees,44,87.3,2233
Sud-Ouest,2012,hopitaux,21,72.2,1022
Sud-Ouest,2013,routes_bitumees_km,734,40.3,52215
Sud-Ouest,2013,routes_pistes_km,2881,59.5,158980
Sud-Ouest,2013,ponts,75,72.4,6544
Sud-Ouest,2013,centres_electriques,14,64.3,680
Sud-Ouest,2013,bornes_fontaine,253,73.4,18967
Sud-Ouest,2013,ecoles_primaires,745,84.3,19693
Sud-Ouest,2013,colleges,140,72.1,11808
Sud-Ouest,2013,lycees,38,79.0,1803
Sud-Ouest,2013,hopitaux,20,54.8,1965
Sud-Ouest,2014,routes_bitumees_km,759,42.6,71967
Sud-Ouest,2014,routes_pistes_km,2622,77.5,84558
Sud-Ouest,2014,ponts,68,56.1,6625
Sud-Ouest,2014,centres_electriques,15,46.6,590
Sud-Ouest,2014,bornes_fontaine,293,58.0,14668
Sud-Ouest,2014,ecoles_primaires,755,65.7,20149
Sud-Ouest,2014,colleges,128,83.3,9219
Sud-Ouest,2014,lycees,42,41.6,883
Sud-Ouest,2014,hopitaux,22,77.2,1622
Sud-Ouest,2015,routes_bitumees_km,755,68.6,15291
Sud-Ouest,2015,routes_pistes_km,3164,56.5,221905
Sud-Ouest,2015,ponts,76,70.6,3754
Sud-Ouest,2015,centres_electriques,14,83.7,525
Sud-Ouest,2015,bornes_fontaine,283,73.7,22683
Sud-Ouest,2015,ecoles_primaires,662,58.6,57660
Sud-Ouest,2015,colleges,158,74.1,4073
Sud-Ouest,2015,lycees,42,44.7,4177
Sud-Ouest,2015,hopitaux,22,48.6,1276
Sud-Ouest,2016,routes_bitumees_km,733,54.9,17403
Sud-Ouest,2016,routes_pistes_km,2727,58.6,92833
Sud-Ouest,2016,ponts,74,65.6,5697
Sud-Ouest,2016,centres_electriques,14,44.7,289
Sud-Ouest,2016,bornes_fontaine,297,45.2,28050
Sud-Ouest,2016,ecoles_primaires,689,54.3,31361
Sud-Ouest,2016,colleges,150,87.6,11796
Sud-Ouest,2016,lycees,42,72.9,3487
Sud-Ouest,2016,hopitaux,21,44.4,322
Sud-Ouest,2017,routes_bitumees_km,695,69.1,7981
Sud-Ouest,2017,routes_pistes_km,3174,51.9,307809
Sud-Ouest,2017,ponts,81,58.1,4755
Sud-Ouest,2017,centres_electriques,16,47.1,241
Sud-Ouest,2017,bornes_fontaine,284,61.3,18226
Sud-Ouest,2017,ecoles_primaires,825,76.9,20665
Sud-Ouest,2017,colleges,140,65.2,2231
Sud-Ouest,2017,lycees,42,56.2,4009
Sud-Ouest,2017,hopitaux,22,41.0,601
Sud-Ouest,2018,routes_bitumees_km,804,86.3,60185
Sud-Ouest,2018,routes_pistes_km,3258,60.6,229399
Sud-Ouest,2018,ponts,80,52.4,5628
Sud-Ouest,2018,centres_electriques,16,54.3,1269
Sud-Ouest,2018,bornes_fontaine,315,81.3,24757
Sud-Ouest,2018,ecoles_primaires,800,65.5,28013
Sud-Ouest,2018,colleges,162,84.0,14193
Sud-Ouest,2018,lycees,41,64.1,3194
Sud-Ouest,2018,hopitaux,22,40.4,716
Sud-Ouest,2019,routes_bitumees_km,724,59.5,32469
Sud-Ouest,2019,routes_pistes_km,3111,74.1,78591
Sud-Ouest,2019,ponts,71,76.9,5295
Sud-Ouest,2019,centres_electriques,15,65.1,257
Sud-Ouest,2019,bornes_fontaine,306,52.8,3301
Sud-Ouest,2019,ecoles_primaires,765,52.4,57842
Sud-Ouest,2019,colleges,149,83.9,8121
Sud-Ouest,2019,lycees,44,65.8,2524
Sud-Ouest,2019,hopitaux,23,87.2,547
Sud-Ouest,2020,routes_bitumees_km,823,46.9,54409
Sud-Ouest,2020,routes_pistes_km,3253,59.9,238072
Sud-Ouest,2020,ponts,73,46.5,1563
Sud-Ouest,2020,centres_electriques,17,45.5,635
Sud-Ouest,2020,bornes_fontaine,304,67.7,29209
Sud-Ouest,2020,ecoles_primaires,780,73.2,24817
Sud-Ouest,2020,colleges,154,45.5,4562
Sud-Ouest,2020,lycees,51,55.6,4483
Sud-Ouest,2020,hopitaux,24,63.9,1036
Sud-Ouest,2021,routes_bitumees_km,753,43.7,67888
Sud-Ouest,2021,routes_pistes_km,3016,71.1,195007
Sud-Ouest,2021,ponts,75,50.7,6311
Sud-Ouest,2021,centres_electriques,15,84.1,525
Sud-Ouest,2021,bornes_fontaine,350,47.8,14364
Sud-Ouest,2021,ecoles_primaires,802,57.2,26217
Sud-Ouest,2021,colleges,163,48.4,4155
Sud-Ouest,2021,lycees,46,57.0,3436
Sud-Ouest,2021,hopitaux,22,71.1,1660
Sud-Ouest,2022,routes_bitumees_km,814,41.1,9735
Sud-Ouest,2022,routes_pistes_km,3040,61.8,143544
Sud-Ouest,2022,ponts,85,56.7,8393
Sud-Ouest,2022,centres_electriques,15,49.4,1352
Sud-Ouest,2022,bornes_fontaine,298,63.0,24174
Sud-Ouest,2022,ecoles_primaires,765,67.7,12450
Sud-Ouest,2022,colleges,153,58.2,11013
Sud-Ouest,2022,lycees,47,60.9,4162
Sud-Ouest,2022,hopitaux,25,43.6,1485
Sud-Ouest,2023,routes_bitumees_km,790,42.4,8531
Sud-Ouest,2023,routes_pistes_km,3181,43.0,76094
Sud-Ouest,2023,ponts,80,44.6,3268
Sud-Ouest,2023,centres_electriques,16,68.8,213
Sud-Ouest,2023,bornes_fontaine,339,54.0,25258
Sud-Ouest,2023,ecoles_primaires,796,71.2,17328
Sud-Ouest,2023,colleges,173,77.7,4398
Sud-Ouest,2023,lycees,50,87.6,2259
Sud-Ouest,2023,hopitaux,27,71.2,1782
